user_id,nom,prenom,phone,address,total
595,Sarah,Stone,(901)923-8750x438,"50584 Thomas Prairie Apt. 261 Guerrerotown, AS 92076",429
867,Mary,Sullivan,+1-444-680-0208x821,"3951 Davies Pass Sarahbury, MP 04185",1065
373,George,Hess,8333255180,"1916 Amber Land West Brittany, MO 45227",2843
127,Amber,Gentry,001-846-307-8573,Unit 5552 Box 1449 DPO AP 67054,474
181,Tiffany,Baker,996.686.5862x36671,"0158 Smith Prairie Gregoryberg, UT 76562",2179
712,Shane,Barrett,001-916-278-1941x5906,"8858 Blackwell Island Lake Rodney, KS 20197",193
636,Mark,Johnson,449.466.6914,"3996 Lindsey Cove North Elizabeth, MT 15781",2597
536,Jacqueline,Phelps,001-995-987-6275,"PSC 5432, Box 8973 APO AA 76148",1200
165,Ryan,Williams,(448)633-0377,"5596 Bruce Cliffs Apt. 470 Laurenfort, CA 12293",2448
480,Jason,Morse,950-252-0339x70720,"50543 Jackson Circle Port Kenneth, KY 90160",1726
653,Timothy,Graham,+1-812-528-3363x42161,"6656 Mary Burgs South Evanbury, KY 98797",596
461,Jennifer,King,001-803-983-0360x239,"911 Keith Island Apt. 438 Jamesside, WI 23648",1204
395,Jennifer,Brooks,501.905.6873,"4272 Evans Key Suite 632 East Gail, AR 13491",410
73,Joanna,Bishop,809-516-1778,"80274 Blake Stravenue Theresafort, MP 13923",2982
596,Hannah,Dunn,001-819-731-9853x064,"5681 Jones Heights Suite 313 Nathanielshire, MS 38536",2625
753,Sydney,Walker,5902250988,USNV Gregory FPO AA 83491,1458
285,Matthew,Gonzalez,579-986-6099x496,"4218 Cheryl Street Suite 923 Bennettmouth, MI 21101",1731
143,John,Martinez,823-966-7242,"5169 Donald Corner Apt. 763 North Shellyland, WI 52095",3000
783,Cassandra,Hernandez,+1-653-315-9266x5499,"5271 Jones Road Apt. 502 Robinshire, CT 93737",2879
62,Paul,Coleman,518.924.3185,"115 Kurt Heights Suite 085 Lewishaven, MS 87180",141
685,Christopher,Valentine,+1-587-713-8746x340,"45865 Hudson Parks Suite 902 West Bethburgh, PA 48574",848
343,Tara,Ramsey,001-822-566-9157,"1437 Sean Gardens Apt. 006 East Sarah, UT 30752",1488
578,Joseph,Wells,+1-219-840-0142x12127,"030 Reynolds Overpass Port Ashley, ID 00754",493
670,Ryan,Cabrera,+1-850-331-5731x41256,"996 Adam Fords Shawchester, DE 32735",2137
420,Bradley,Chavez,(929)907-6335x842,"1594 Roth Knoll Apt. 135 Juanchester, NE 23753",652
352,Gina,Williams,702.635.6863x8706,"6291 Powers Prairie Lake Thomas, IA 02305",1336
799,Latoya,Turner,+1-981-732-3998x6609,"12273 Charles Isle Rebeccaborough, GA 77688",1011
162,Caleb,Kim,8592978942,"28848 Thomas Route Suite 640 Atkinschester, VA 95419",1954
296,Brady,Singleton,5836716167,"04727 Erica Crest Blackburnfurt, SD 19712",1105
51,Tim,Reed,2002957520,"6550 John Well South Donna, IN 83817",2762
75,Eric,Montes,847.746.7072x02654,"2571 Oliver Parks South Brittany, OH 79137",1590
460,Holly,Luna,325.593.0271x6754,"38993 Reed Village South Todd, VT 28150",751
747,Timothy,Ball,964.992.7545,"58358 Stephens Trail Thomasburgh, MI 35841",1252
481,Sandra,Dean,(793)578-5786,"2817 Bryan Divide Port Dianafort, VI 99813",992
192,Justin,Powell,+1-991-754-8718x10873,USNS Montgomery FPO AA 75336,2479
666,Michael,Gutierrez,+1-750-385-0509x9954,"66750 Clements Courts South Christopher, SC 63854",1725
941,Rachel,Henry,+1-377-296-1806x769,"706 Ashley Harbor New John, NY 82975",1829
519,Cynthia,Johnson,913-355-8868,Unit 6480 Box 4465 DPO AA 02467,2719
683,Amber,Taylor,882.283.8073x008,"48926 Ford Station Apt. 380 East Tamara, MA 35412",523
321,Jennifer,Collins,(491)548-7895x0322,"362 Ivan Ranch Powellfurt, KS 89301",2244
50,Regina,Mcdaniel,724-516-8334x891,"3458 Beard Expressway Apt. 741 West Cassandrafort, OR 73184",676
734,Sheri,Dyer,(802)795-9117x07430,"2008 Bailey Park Espinozafurt, KS 44579",1476
217,Nicole,Thompson,+1-784-828-6850x7427,"74711 Mills Shore Suite 572 Walkermouth, CT 41034",1501
665,Evelyn,Garcia,861-213-0038,"99159 Franklin Shoal Suite 845 Lake Christopher, IA 78546",1150
127,Susan,Rodgers,+1-625-609-8451x1808,"7597 Christine Drives Lake Daniel, MN 78766",252
579,Gabriella,Barnes,849-810-3169,"032 Patricia Gateway Apt. 330 Micheleville, HI 44099",2292
660,Lindsey,Miller,001-915-344-8999x9366,"6430 Nguyen Meadow Apt. 410 Port Samanthashire, TX 26364",958
93,Alison,Salinas,289-230-2808,"74022 Turner Falls West Thomaston, TX 64144",251
724,Douglas,Lee,602-626-0612x54822,"0635 Bailey Island Apt. 170 Port Davidburgh, MT 30253",2247
674,Cody,Smith,001-343-749-0997x2078,"78024 Derek Mews New Katherinestad, VT 47089",71
107,Mary,Byrd,(344)936-7032x481,"59032 Melissa Dale Apt. 449 West Amanda, VT 73828",1134
295,Brian,Jones,001-287-974-5951x83853,"2527 Courtney Village Marymouth, MP 66462",1944
477,Francisco,Gonzales,475-437-6518x4100,"82356 Jeffrey Mill Wheelermouth, WV 27158",245
177,Joseph,Collier,+1-226-948-9114,"927 Thompson Manors Apt. 531 Zacharyton, ME 19173",2812
829,Kyle,Sandoval,001-348-712-1718x08614,USNS Hogan FPO AE 07071,2846
479,Donald,Mitchell,722-631-6377,"0872 Dawson Union Suite 219 New Sheila, MO 26748",2141
373,Daniel,Martin,(321)557-4932x26674,"4822 Barron Loaf West Sara, WY 10752",1803
405,Joseph,Smith,3483101185,"052 Mary Station Port John, TX 79372",1333
665,Courtney,Green,(497)990-1731,Unit 2302 Box 6725 DPO AA 40869,818
247,Pamela,Mendoza,689.780.4685x405,"339 Woodward Crescent Apt. 360 North Alicia, GU 85951",1645
817,Hannah,Miller,+1-683-816-9695,"0297 Gonzalez Green Suite 015 Lopezland, OR 40396",1155
550,Tyler,White,001-245-737-3063x3418,"69635 Scott Drive Suite 454 West Aaron, TN 30768",1419
166,Sonya,Jackson,978-960-4905,"72210 Freeman Freeway Suite 757 West Richardbury, OK 10394",1551
89,Stephen,Rubio,(714)880-6002x789,"2901 Sandra Canyon Suite 154 Lauraton, MN 17822",511
84,Danielle,Carrillo,245-917-8001,"0816 Lewis Gardens Apt. 238 Candaceview, DE 09506",1271
673,Justin,Hall,458.714.0129x06994,"033 Matthew Mill Apt. 780 Elizabethside, CO 35201",2054
875,Michael,Mcfarland,(271)814-0111,"451 Nicole Grove Suite 065 Meganview, NH 04451",1727
875,Mary,Mason,728.648.4747,"7699 Mitchell Keys South Jennifer, ME 25820",1381
622,Sean,Clark,(867)493-2233,"318 Kim Ramp Apt. 431 East Clinton, IN 29289",2062
831,Amy,Marshall,857-748-7890,"223 Carrie Alley Suite 472 West Amber, AR 95380",2720
12,Angelica,Harmon,967-640-8617,"109 Scott Trace Apt. 128 Port Jenniferside, CA 98296",1443
50,Alejandro,Martinez,001-830-805-9761x02111,"212 Rush Crescent Rogersberg, PA 08390",1321
740,Jonathan,Hatfield,6206887685,"281 Pitts Mews Apt. 871 East Amy, MA 27644",2016
397,Adam,Jennings,001-645-209-4719,"385 Corey Points Apt. 759 Andrewville, OH 54048",182
129,Troy,Jones,838.953.2570x5255,USNS Williams FPO AE 16847,2782
877,Michael,Colon,001-984-863-1380x21125,USNV Carter FPO AP 30880,2377
56,Philip,Diaz,001-893-729-4204x972,"135 Floyd Mountains Ashleyberg, WA 50327",1581
425,Rodney,Soto,389-547-0668x2473,"4613 James Circle Suite 882 Lake Suzanneshire, DE 62114",2493
322,Howard,Thomas,468.281.9135x1010,"943 Samantha Corners Suite 347 West Jonathan, WA 21835",1290
51,Angela,Gross,+1-932-338-8680,"6733 Dana Bridge Suite 141 Payneshire, TX 93760",87
406,Veronica,Davidson,512.985.0937x168,"03804 Jay Greens Annafurt, OR 01045",867
758,Jacob,Murphy,+1-484-209-9560x966,"4479 Rush Village Apt. 936 West Luis, SC 59932",598
411,Jason,Osborne,(557)629-1709x899,"PSC 5903, Box 5488 APO AP 74326",2895
525,Justin,Wall,646.927.3366x2991,USCGC Walter FPO AP 02838,2881
869,Matthew,Robbins,2993049486,"75647 Lori Club East Dennishaven, MT 54704",1030
556,Monica,Petty,687-460-6997x743,"83183 Taylor Trail Port Kelsey, DE 62474",222
318,John,Soto,(988)344-3531x775,"6688 Katherine Coves Justinstad, UT 70557",2049
435,John,Martinez,+1-631-565-1270x873,"495 Green Oval Suite 566 Branchmouth, ID 75318",2472
768,Sherry,Spencer,001-756-422-3845x5231,USNS Mccall FPO AP 83404,2044
945,Ashley,Collier,288-628-9353,"5728 White Parkway West Christopherland, NH 99122",840
411,Elizabeth,Ellis,+1-683-241-1234x40589,"20109 Angelica Knolls Savagebury, AR 13287",2863
705,Cole,George,+1-778-354-8049,Unit 5631 Box 1936 DPO AP 26935,2789
595,Crystal,Campos,+1-535-690-6057x7452,"89385 Alyssa River Mannborough, LA 14802",2787
433,Jeremiah,Guerra,361-944-2307x573,"935 Charles Lodge Lake Tracychester, WY 90755",2650
683,Ashley,Lewis,+1-242-463-3258x20635,"696 Danielle Overpass Apt. 550 Kennethfurt, AS 71196",95
232,Michael,Valdez,001-666-405-3287x23784,Unit 8266 Box 7879 DPO AA 43768,1508
910,Gregory,Hughes,(368)964-3041,"5999 Vargas Views Port Colleenfort, OH 00675",1640
2,Michele,Church,+1-705-946-6626,"5253 Kelly Via Suite 918 Caitlynfurt, DC 83811",2797
616,Barbara,Paul,9259532067,Unit 2770 Box 9043 DPO AE 32861,1968
750,Renee,Leonard,(242)565-1675,"PSC 8927, Box 1997 APO AA 30193",1664
625,Lance,Carlson,989-495-3303,"35763 Tiffany Rest Apt. 737 Brendaport, MT 60694",483
577,Kimberly,Miller,001-894-774-2132x9848,USNS Torres FPO AE 40081,2176
262,Jessica,Leon,001-362-621-1348x61163,"98065 Ryan Key Heatherfort, TX 02821",1795
230,Sara,Zuniga,308.950.5723x054,"PSC 9317, Box 7646 APO AP 14753",1628
711,Richard,Bell,7767199367,"042 Garcia Haven Port William, IL 94119",1663
635,David,Christensen,(364)460-4619x682,"9863 Paul Tunnel Suite 837 Mikaylaside, LA 81533",596
431,Patricia,Miller,537.840.5254x43195,"150 Kristen Valley Suite 069 Thomasbury, MP 86725",1504
701,Aaron,West,511-870-6019,"87372 Blake Grove Shawnaside, MH 02956",2406
477,Phillip,Price,519.450.0690,Unit 7346 Box 0248 DPO AA 44277,1184
671,Denise,Soto,5983443190,"84009 Garrett Island Suite 821 East Cameronview, CA 42670",870
860,Erica,Fernandez,001-795-860-0896x870,"04885 Mclaughlin Common Apt. 658 Boyerfurt, OK 72176",1301
402,Beth,Hart,5656341228,"1290 Smith Fall Port Josephstad, VI 22178",2814
80,Stacey,Larson,(385)833-3971x266,"60577 Johnson Divide Alisonfort, TX 73899",2283
307,Sylvia,Woods,+1-754-270-5620x28042,"95583 Russell Cliff Collinsstad, MN 39041",251
116,Nicole,Fitzgerald,+1-859-684-7086x8561,"6760 Scott Shore Apt. 398 Anitamouth, DC 30899",2950
979,Mathew,Brown,(796)676-6242x7498,"949 Thompson Stravenue Apt. 826 East Christophershire, NE 15022",768
1,Samantha,Knight,922.264.7704x4527,"06897 Taylor Highway New Robert, NH 13758",2867
297,Angela,Gonzalez,(362)844-7342,"421 Maria Green Suite 547 New Natashaland, IA 60684",684
243,Kathleen,Lowe,465.341.5495x03288,"1889 Allison Junction Jonathanland, WI 94821",653
460,Rhonda,Wood,+1-841-758-7620x822,"02010 Stephanie Station Garciabury, MN 48935",1144
585,Anthony,Love,2588226646,"990 Harmon Streets Thompsonbury, DE 62048",2921
391,Kimberly,Ramirez,321.339.6172x27852,"3305 Knight Plaza Apt. 210 East Krista, KS 23174",1588
410,Bruce,Herman,(324)245-8699,"3831 Bryan Wells Apt. 537 Yvonnefort, MN 39585",1466
169,Robert,Gomez,629.275.4689x1136,"9459 Gina Pine Bentonborough, NJ 70241",1287
167,Brian,Snyder,877-539-2718x87334,"8863 Lopez Islands Apt. 564 Charlesborough, LA 57365",1573
205,Shirley,Rogers,001-286-261-9665x47548,"51086 Evans Lodge Suite 625 Steventown, ID 40900",1128
3,Tristan,Snow,527.935.9613x0549,"47324 Diane Falls Apt. 539 West Lindsayburgh, SD 51752",261
747,Robert,Collins,(331)773-8662,"779 Grimes Springs Hornetown, LA 52276",1858
516,Jean,Wang,307-730-7007,"637 Smith Skyway Maryport, CO 46464",2795
645,Christina,Maldonado,956.672.4373x8488,"534 Matthews Light Apt. 278 Rogersshire, OR 83298",1765
160,Valerie,Thomas,(980)494-3455x7835,"2008 Evan Ranch Paulachester, NH 05360",733
670,Robert,West,(853)733-0836,"5583 Dustin Ford Suite 946 Wilsonchester, WA 72398",2952
774,Anthony,Blevins,001-611-728-0149x915,"24790 Davis Viaduct Apt. 807 Weeksfurt, KY 48314",1827
286,Jessica,Klein,380.724.8786x11535,"019 Walton Meadows Brendaborough, IL 86979",268
588,Ronald,Joyce,+1-540-317-8637x2866,"122 Cassie Path Apt. 412 North Edwardville, HI 02553",2661
423,Elizabeth,Freeman,+1-820-492-6111,"8485 Nicholas Wells Lake Anthonychester, OR 58856",845
148,Tyler,Simmons,+1-264-208-2733x047,Unit 8421 Box 1733 DPO AP 94230,2875
634,Donna,Hart,3809439296,"21068 Crystal Circles Suite 045 South Daniellefurt, LA 15193",1857
926,Sharon,Arroyo,(573)439-1477,"6670 Anthony Grove Millsborough, MT 28169",1718
827,Heather,Marks,970.347.9958x2502,"90501 Dalton Gateway Apt. 979 West Johnberg, MI 09528",587
479,Clifford,Spears,7404152810,"953 Steven Port Suite 240 South Reginaside, AR 87556",1969
537,Gregory,Jones,(718)931-0954x853,"9344 Harris Valley East Jeremy, OK 27486",1542
204,Gregory,Williams,001-244-289-9604x306,"1547 Riley Station Apt. 817 Rebeccaburgh, IL 75860",666
166,Derek,Hernandez,001-592-600-7164x50843,"978 Jessica Common Ryanton, KS 01652",2012
923,Eric,Peterson,001-910-996-8334x36440,"706 Mcfarland Inlet Suite 759 Hicksbury, VT 84560",1925
967,Michael,Cardenas,001-489-210-7468x812,"463 Young Burgs Apt. 951 Jessicamouth, AS 29024",2675
244,Gerald,Mendez,(597)567-5635x18779,"666 Aaron Fork Suite 906 North Jason, HI 18311",1045
355,Kimberly,Leach,924.836.3471,"8716 Julie Landing Apt. 877 West Vanessamouth, MT 55375",74
747,Philip,Williams,001-331-530-2564,Unit 0199 Box 6991 DPO AA 13974,972
251,Laurie,Gonzalez,970-934-9789x8094,"79201 Carter Drive Mendezburgh, ME 16745",292
444,Adam,Powell,9869652724,"PSC 9989, Box 7259 APO AP 41550",2947
510,Monique,Porter,9442250315,"29638 Larson Estates New Kimberly, WV 43737",2074
312,David,May,232.203.4074,"145 Mckinney Meadows Suite 602 Gregoryville, DC 26741",1702
302,Madeline,Mitchell,(639)492-8461x12581,"6089 Berry Crossroad Suite 709 Corychester, AS 58407",811
730,Veronica,Cunningham,(872)545-2720x47422,"43532 Dana Ports Randolphhaven, TX 19172",2861
666,Amy,Tran,+1-984-481-5113,"2843 Andrew Village Suite 254 Christopherborough, ID 13942",1242
208,Eric,Chen,298-250-1744x4536,"34295 Callahan Junction Troyland, MD 39995",936
997,David,Williamson,+1-680-416-1969x8374,"16161 Combs Point Apt. 461 Markbury, MS 15689",1933
567,Kathleen,Hill,001-895-818-6931x2266,"56016 Morton Trafficway Suite 428 Cameronfurt, WA 19623",2152
650,Deborah,Brooks,561-232-7689x1351,"00764 Griffin Shoals Apt. 494 Kellyville, FL 53302",2505
643,Kellie,Collins,610.726.8627,"2241 Nancy Falls Suite 824 Mckinneyville, IN 64598",2144
282,Jessica,Robinson,474.721.4574,"205 Stephanie Lane Lake Nicholasmouth, MP 59891",1875
345,Kevin,Gordon,001-900-474-4473x7550,"42009 Reed Inlet Apt. 957 East David, VA 64337",2178
183,Mary,Johnson,944-630-4254,"0541 Kelly Street Apt. 462 South Timothy, MN 83189",2117
741,Frank,Knight,(912)399-7159x885,"339 Lopez Fords Whiteview, MS 97913",1278
591,Jessica,Johnson,001-958-435-2863,"0558 Bennett Union Suite 759 Rivastown, UT 40946",702
170,Michael,Norris,001-406-949-2876x433,"709 Kenneth Union Apt. 492 Thomasburgh, DC 23350",2168
730,Amanda,Stuart,368-707-5603x1037,Unit 9538 Box 3474 DPO AE 66643,1367
378,Jason,James,001-433-310-6703,"6559 Zavala Bridge Walkerport, GA 27265",999
318,Todd,Perry,(658)356-1484,"915 Nicholas Forest Suite 650 East Carlos, MT 54440",2101
391,Tabitha,Fisher,(707)593-7152x123,"2257 Sandoval Turnpike Apt. 121 North James, ME 47206",2962
76,Kelsey,Odonnell,881.739.5427,"4686 Martinez Squares Faulknerton, GU 24624",598
199,Darren,Patterson,2056855118,"5354 Thomas Rue Port Reginaside, MS 40090",1525
342,Brian,Baldwin,(647)453-2301,Unit 2871 Box 1434 DPO AP 56689,2805
395,Andrew,Morris,948.878.5502,"777 Pearson Plain Jonathanport, PW 11095",2082
593,Christine,Hansen,6096397858,"PSC 4496, Box 0287 APO AP 10899",622
18,Steven,Costa,(656)975-0062x23052,"524 Jonathan Underpass Roberttown, AL 07230",1032
961,Anthony,Moore,683-836-8076,"69382 Keith Wells Apt. 495 South Lynnhaven, MS 55532",2433
978,Vincent,Calderon,416.327.3902,"2723 Lindsey Manors Suite 094 New Aaron, IA 25617",1519
377,Manuel,Silva,+1-695-597-9941x567,"35444 Joshua Orchard West Melissa, TX 94249",1417
543,Deborah,White,001-770-470-5419x7898,"75147 Graves Street Apt. 526 Blankenshipton, ID 19570",177
560,Joseph,Miller,478-266-4577,"274 Bobby Fall Suite 388 Port William, HI 41755",650
766,Barbara,Anderson,(802)380-2083x29739,"6763 Case Loop Suite 186 Heidihaven, PW 44966",2412
418,David,Lynch,4374240165,"69543 Knox Lock Apt. 127 New Scott, NE 65234",2562
603,Paul,Berger,8168805750,"2547 Kent Drives Suite 388 North Sabrinaland, MO 86113",986
136,Lindsey,Cooley,001-740-479-2663x14743,"4811 Myers Spur Apt. 776 North Rachel, ID 09519",2941
194,Rebecca,Baker,001-973-761-6869x38571,"856 Newman Keys Hudsonside, CT 80719",1684
332,Brandi,Beck,+1-661-824-6380x7399,"1747 Richard Falls South Michael, LA 88160",2582
567,Benjamin,Greene,763.247.2749,"593 Andrea Landing Suite 528 Cookview, TX 52170",2458
701,Stephen,Fisher,+1-543-392-5900,"PSC 0201, Box 2161 APO AA 61063",1204
964,Gregory,Walters,(836)678-5338,"9886 Watson Greens Apt. 727 Port Larryborough, OK 88497",1122
728,Joseph,Merritt,669-590-3238x5694,"1681 Carson Port Apt. 471 South Brenda, NC 89371",1700
147,Christina,Oconnor,945-203-7793x380,"381 Cobb Turnpike Apt. 268 South Travis, AZ 90851",187
221,Sally,Rivera,703-330-5931,"177 Patricia Spurs Hollyport, HI 16258",2742
632,Emily,Price,209.864.3698,"9019 Arthur Mews Anneside, MH 67567",2987
650,Denise,Welch,(612)925-0915x07776,"963 Melissa Loop East Jeffreymouth, MT 78406",461
280,Lauren,Clay,459-589-0167x19910,"52590 Patel Roads Suite 809 Murphyland, CT 85103",1775
901,Raymond,Wright,814.657.7872x56032,USS Gates FPO AE 23696,1977
986,Felicia,Cooper,257-301-2332x547,"544 Justin Ferry Samuelhaven, KS 54651",2162
910,Christina,Grant,9908708752,"096 Roman Port Shafferland, OR 75333",752
668,John,Robles,001-655-649-0682x3311,"665 Stephen Forges Apt. 624 Lake Melissa, CT 70645",1073
889,Lauren,Anderson,4062506333,"40828 Leach Oval Robertburgh, GA 54713",1679
331,Robyn,Shepherd,428.979.9736x37024,"93207 Wells Row Suite 153 Schaeferberg, VT 40847",2234
965,Emily,Warren,325.669.6037x5225,"544 Jones Port Apt. 605 Paulaborough, NV 72410",297
55,Leah,Price,(502)361-3708x256,USS Rose FPO AP 78497,2566
20,Vicki,Newman,+1-790-760-3123x2574,"08466 Rodriguez Stream Suite 103 New Brandon, SC 72912",2207
243,Patricia,Cross,001-275-837-5281x20071,"36113 Williams Hill Suite 160 South Cindy, ID 72697",719
417,Mike,Bridges,583.927.3855,"49516 Wood Forges Apt. 980 New Ruthmouth, ME 25577",554
11,Victor,Waters,001-734-403-6528x52328,"2463 Green Flat Apt. 800 Coreyfurt, FM 40798",369
597,Stephen,Myers,610-552-8280x536,Unit 2886 Box 8409 DPO AP 03998,1557
640,Albert,Miller,387-574-6880,"0663 Arthur Avenue North Kimberlystad, MO 00981",1997
831,Kevin,Williams,789.947.0860x230,"88168 Wilcox Mall Jasonland, TN 42919",2591
775,Sheila,Hines,6133366494,"91654 Cody Station New Jeremystad, DC 85621",2790
150,Susan,Powell,784.816.6186x71391,"262 Kimberly Landing Ponceberg, RI 64004",2931
919,Monica,Ewing,385.216.7148,"744 Bradley Forge Apt. 358 East Karen, SD 77394",810
860,Joseph,Thompson,+1-855-862-7877x730,"4125 Jesse Parkway Hamiltonberg, FM 31377",1303
547,Sophia,Barker,511.270.8334,"8198 Phillips Square Suite 476 Heidistad, WI 55654",1751
283,Juan,White,+1-887-963-3244x543,"1681 Gibson Cove Jeremyfurt, KS 91812",1745
44,Randy,Williams,(335)955-4298x58393,"6418 Harris Valley East Karastad, VA 79579",2528
413,Julie,Medina,778.999.1273x72573,"585 Nicholas Terrace Brittanybury, NV 86291",2793
19,John,Watts,571-635-9084,"902 Allen Rapids East Lauren, VT 35361",288
149,Darren,Fletcher,+1-791-813-3670x57292,"99215 Woods Islands Stephenbury, HI 53957",1841
607,Amanda,Mcintosh,313.252.8280,"5626 White Isle Briggschester, WA 61297",754
802,Sheri,Baker,+1-236-368-0959x10765,"6811 Perez Squares Suite 231 Julianshire, HI 64366",1547
300,Richard,Young,(458)757-3116,"23385 Watts Mount Apt. 966 New Andrewport, AK 90704",1323
668,Marilyn,Dennis,969.676.8246x4222,"9024 Owens Ridge Pagefort, AS 56659",1259
921,April,Campbell,497-594-0665,"720 Harris Ferry Apt. 258 West Michael, LA 30908",1277
631,Wendy,Brown,(738)431-4805x42307,"44601 Estes Cove Apt. 879 Espinozamouth, SD 68705",2376
82,James,Figueroa,721-208-3781,"0879 Brittany Viaduct Suite 510 South Sandramouth, CT 03918",1856
718,Jennifer,Sawyer,+1-954-216-0099x0997,"33738 Walker Burg Williamsborough, WV 15488",720
729,Alexandra,Webster,001-274-893-3268,"026 Brewer Ferry Royshire, AZ 71218",1635
144,Ruben,Andrews,577.655.3456x02119,"13472 Debra Rue Apt. 057 North Lauren, NJ 61328",2846
2,Jade,Brown,902-584-3111,"61233 Lisa Mews Apt. 601 New Jamesfurt, MH 73727",1242
880,Stacy,Smith,(939)935-2260x272,"8699 Owens Mission Apt. 702 East Chad, TN 54332",555
73,Christina,Barron,+1-744-694-1134,"273 Thomas Dale New Jessicamouth, MO 95515",1625
807,Kelly,Blair,452-249-9128,USCGC Chapman FPO AA 35300,2657
662,Lisa,Olsen,292-630-1892x5141,"014 Mike Common Meganport, MP 98064",712
888,Molly,Ortega,4274510386,"PSC 7080, Box 0015 APO AA 75815",2399
964,Jessica,Jefferson,(695)980-7779x62873,"452 Warner Rue Apt. 527 South Charles, AS 11039",2401
171,Michelle,Casey,001-330-809-7468x155,"706 Manning Plain Suite 365 West Zacharystad, OH 11511",847
688,Melanie,Huff,529-259-8677x86519,"957 Christopher Haven Port Ericmouth, PA 89260",1603
889,Laura,Johnson,691-620-4900x65894,"8796 Turner Junctions New Krystalborough, HI 76494",758
221,Brian,Mitchell,+1-308-613-9673x0158,"83936 Wang Station Suite 650 Valentinetown, PW 22629",508
508,Danielle,Smith,725-808-5827x2816,"9112 Baldwin Valleys West Laurenborough, CA 42653",1063
193,Jesus,Anthony,001-977-871-2487,"29763 Karen Dam Suite 796 New Andrea, OH 44905",1376
167,Mitchell,Hogan,999.645.7120x559,"866 Rose Skyway Apt. 136 Kennedyfurt, GU 06097",1414
332,Ronald,Rangel,606-760-7769x477,"4303 Colon Islands Suite 516 North Walter, PW 09651",1885
262,Collin,Rose,+1-265-609-2606x3162,"0295 Laura Bridge Apt. 665 Lake Susan, TN 90924",1227
637,Ashley,Colon,+1-766-547-5525x9217,"3512 Michelle Fork Davishaven, OK 32437",1600
724,Zachary,King,724-529-8942,"5040 Huffman Stream Apt. 678 Lake Franklin, AL 14639",2554
190,Shawn,Clark,871-545-1417,"482 Bell Streets Charlesberg, MA 04003",1221
446,James,Bridges,(426)986-7299,"063 Ashley Bridge West Mark, FL 13859",2429
892,Renee,Morrison,808.922.8658,"591 David Highway North Kristen, IA 99514",1341
261,Luis,Robinson,332.586.5651x647,"52065 Natalie Port New Kenneth, PR 17697",551
665,Cindy,Chambers,(440)247-6968x3267,"174 Hodges Green Wagnerton, FL 68710",2963
793,Jennifer,Gardner,+1-318-986-6498,"4865 Singh Rue Apt. 736 Lake Chadburgh, MP 22795",1730
375,Linda,Beltran,379-725-8144x790,"7916 Jacobs Knoll West Makaylafort, TX 79172",968
197,Diana,Chapman,973-948-6290x5514,"6015 Tracy Shoal Barnesbury, RI 03805",817
842,Sydney,Lopez,9129743947,"PSC 1094, Box 6321 APO AE 87140",1557
344,Shannon,Watson,(790)548-1443,"0681 Obrien Court Apt. 366 Greerhaven, KS 20187",933
104,Paige,Willis,+1-208-909-1545x27601,"440 Jeffrey Corners New Kimberly, IN 02304",1695
496,Robert,Contreras,713.566.6456x031,USNV Frye FPO AP 71646,1322
976,Daniel,Romero,(345)240-1826x789,"5416 Ronald Radial Apt. 503 Karlaside, AL 70348",675
532,Kayla,Willis,(473)649-9913,"887 Reid Spur Apt. 629 North Connormouth, NM 31618",1324
405,Julie,Wright,454.567.7249,"216 Miguel Overpass Suite 749 West Melissaburgh, GA 13518",935
52,Crystal,Johnson,+1-224-839-3230x14796,"765 Karina Forks North Ashleystad, NV 68820",2706
52,Rebecca,Fuller,(565)472-7759,"01353 Rodney Squares Burtonland, AL 70550",2726
210,Carl,Hayden,442-784-7629x35953,"713 Thomas Ramp Denisehaven, PW 98770",129
358,Angela,Sanchez,+1-873-302-9431,"293 Ramirez Pass Apt. 317 Jamesberg, MS 34275",1937
166,Beth,Coffey,254.622.3454x11000,USNS Spencer FPO AP 74115,1047
971,Travis,Sullivan,312-714-5421,"90743 Ramsey Drive Suite 796 Kimborough, NC 10801",2769
74,Mary,Zavala,249-335-9541x30420,"4286 Mcneil Center South Jasminebury, ID 27074",1445
321,Caroline,Cook,(832)987-3873,"870 Stephanie Lock North Kimberlystad, PW 22564",2403
596,Elizabeth,Fernandez,942-986-4977x19902,"PSC 1161, Box 5374 APO AE 35923",1225
150,Richard,Johnson,+1-649-709-3320x107,"476 Baker Plaza Suite 693 West Michaelfort, DC 73790",200
846,Tammie,Solis,5153071834,"022 Erica Point West Sandra, LA 92762",1743
699,Karen,Erickson,627.992.1245x095,"34878 Wilson Inlet Apt. 804 North Christopher, KY 77278",1857
863,Mark,Williams,594-444-7665,"PSC 5439, Box 0631 APO AP 24215",2776
148,Charles,Clark,684.209.3864,"4406 Logan Square Apt. 720 Mariamouth, ND 67738",1723
923,Chad,Schmidt,(341)973-8415x619,"6571 Anderson Burgs North Moniqueport, CO 54227",2590
143,Jocelyn,Foster,435-738-1302,"0834 Elizabeth Drive Suite 198 Walkerchester, AK 59168",2781
336,Maria,Flowers,430-963-5803x90768,"046 Brian River Port Christianview, WV 86631",675
1,Lori,Murray,803.703.9997,"923 Miller Fall Apt. 113 Port Jose, AZ 36491",2369
91,Benjamin,Johnson,4829230108,"31985 Jennifer Isle Lake Victorberg, AS 97034",793
173,Christopher,Stevens,(647)527-3015x441,"84183 Hoffman Views Apt. 115 Penaport, CT 69396",1426
841,Jessica,Taylor,(812)315-4124x04098,"81574 Henderson Villages Suite 429 West Larryhaven, ME 47190",421
438,Julie,Juarez,721.989.1270x1086,USNV Jones FPO AA 45612,1695
212,Eric,Whitaker,331.345.6955x01222,"0711 Roberts Isle Apt. 333 North Christian, GA 98776",1630
612,Elizabeth,Tucker,+1-678-366-2350x929,"3974 Fernandez Road Suite 130 Davidberg, WV 94999",2623
104,Jason,Bautista,+1-606-661-7293x8351,"61977 Jody Ridges Apt. 745 South Randyshire, VI 91319",2961
75,Megan,Rodriguez,001-595-920-6550x0324,"96183 Smith Spur West Cynthiabury, ND 77351",467
244,Alexander,Obrien,+1-326-730-0482,"202 Johnson Tunnel Cisneroschester, MT 26777",2525
159,Emily,Johnson,450-315-1890,"349 Donald Bridge Suite 299 Port Anthonyville, WA 45114",2147
913,Cheryl,Dougherty,386.467.6746,"8099 Nicole Square New Rhonda, OK 92536",2850
359,James,Green,5934456158,"PSC 4027, Box 8201 APO AA 21084",767
217,Robert,Salinas,001-505-910-7247,"390 Ariana Key Lopezfort, ID 77747",2817
38,Jacob,Johnson,686.297.1570x245,"993 Scott Landing Shepherdchester, VA 34987",845
450,Amy,Contreras,+1-329-939-3519x83872,"874 Robert Parkways Deanburgh, GA 68288",2390
902,Melissa,Torres,311-869-8236x511,"21413 Johnson Isle Suite 282 Lake Bradleystad, VI 66022",2616
996,John,Beck,001-863-331-8759x7917,"85786 Cathy Manor Lake Ann, MO 43099",1632
437,John,Stevens,661.749.8605,"404 Scott Island Suite 111 East Sandraborough, DE 51581",728
177,Teresa,Hernandez,+1-749-962-5865x1552,"891 Michael Cliffs Cynthiafurt, DC 51916",2846
686,Frank,Johnson,2379042412,"67207 Nicholas Stravenue Suite 386 East Bethhaven, OH 31778",1703
149,Patrick,Johnson,001-600-223-0794x8689,"520 Andrea Mountains South Kelly, TX 61928",1036
910,Angela,Collins,559-524-4946,"2996 Jacqueline Fall East Russellhaven, ID 39684",1606
792,Charles,Horn,(266)649-2909,"56191 Victoria Islands Lake Alexander, MP 63072",478
575,Robert,White,840-231-2631x55535,"2433 Joseph Village Hubbardmouth, NE 12021",2953
359,Lee,Phillips,609-393-2134x548,"218 Paul Road Suite 066 Woodfort, IL 49607",1691
277,Brandy,Allen,+1-932-505-7314x6980,"464 Nathaniel Ville Apt. 476 Lake Rebekahtown, KS 92296",2595
49,Matthew,Gallegos,+1-939-723-1782,"72027 Hansen Station Apt. 694 Williamsview, HI 67656",2191
336,Jessica,Johnson,401.360.2552,"88893 Bowers Row East Barry, WA 85190",1442
632,Jaclyn,Fitzgerald,001-330-258-8838x309,Unit 1366 Box 0305 DPO AE 51136,1685
442,Kimberly,Jones,001-321-598-5456x24464,"147 Donna Springs West Jennyview, TN 26114",1740
186,Kelly,Powell,3283500110,"767 David Squares Apt. 100 Kristinville, WA 70509",1293
475,Heather,Maynard,(275)771-7639x6162,"PSC 0441, Box 3214 APO AE 45080",741
570,Michelle,Park,821-505-8688,"880 Debra Valleys New Brian, MH 28087",383
473,Charles,Murphy,+1-540-342-2846x97279,"7307 Hall Trail Port David, OR 41844",596
645,Rodney,Orozco,273.500.3639x23586,"608 Green Flat Port Jason, IN 36330",2671
153,Daniel,Sherman,365-435-6468x42440,"10916 Parks Heights Carpenterbury, ND 86914",283
244,Jillian,Li,001-941-455-4658,"PSC 9128, Box 4453 APO AP 16666",1354
238,Lee,Summers,+1-934-587-3442x7209,"61687 Kelly Club Apt. 229 West Virginia, NV 69264",238
731,Taylor,Washington,212-592-7656x02454,"2344 Byrd Plain Matthewland, ID 71496",2717
869,Lori,Davis,418.568.6482,"434 Garcia Fork Apt. 753 Allenborough, DE 07451",1893
822,Jeremy,Thomas,(506)749-1803,"32895 Garner Meadows Port Justin, CO 73665",323
534,Cynthia,Riley,495-668-1571x7706,"375 Brenda Stream Apt. 107 Lake Tara, OH 67002",1732
713,Arthur,Charles,903.805.7826x1796,"2819 Villa Vista Lake Thomasbury, NV 59483",965
393,Ann,Dominguez,+1-722-288-3095x0363,"13636 Kidd Manor Apt. 426 Lindseymouth, AL 96512",2512
136,Katherine,Reese,001-925-284-7749x722,"586 Maria Turnpike Apt. 125 Millston, WI 94912",2853
155,Betty,Davis,001-692-276-2608x4457,"1687 Robert Road Lake Jessicaberg, SC 50747",2527
72,Bruce,Gregory,001-981-588-8544x4126,"2438 Jason Springs Suite 224 Port Devinton, RI 39077",1408
404,Paul,Strong,6429062712,"62551 Norman Radial Apt. 650 Williamville, MA 08696",969
392,Maria,Holland,+1-941-803-9762x67813,"505 Kelly Route Apt. 164 Davisfort, CA 41440",2277
474,Natalie,Jenkins,395.929.5330x781,"7415 Amanda Inlet Suite 688 Pamelafurt, UT 43914",2878
622,Steven,Patterson,201-349-9010x3468,"94133 Stephen Fords Carterstad, MO 42061",1254
687,Dale,Lee,+1-211-787-7990x00173,"17756 Seth Isle Johntown, NH 39126",2975
893,James,Wang,988-661-9663x6897,"41291 Ford Mountain Nicholsonmouth, AL 82092",1457
911,Joseph,Smith,4242142746,"093 Byrd Key Apt. 513 East Davidberg, ME 70553",1316
246,Kristie,Hamilton,460.401.9463x664,"7694 Collier Mews Suite 262 Stevenstad, CT 51175",1305
398,Terri,Goodman,943.213.1526x484,"77014 Alvarado Ford Suite 595 South Thomas, MN 75237",1626
406,Robert,Henderson,692-918-8072,"365 Jordan Loop Apt. 989 Edwardston, LA 91157",1087
537,Robert,Parker,(558)454-7489x885,"69198 Bernard Plains Apt. 579 New Amberchester, UT 17189",597
415,Laura,Ruiz,001-605-975-1910x28266,"20272 Griffin Springs Apt. 963 Carlsonfurt, MS 91858",282
596,Dylan,Valentine,001-695-938-6561x833,"873 Graves Valley North Emilyborough, PA 05900",471
250,Rhonda,Hernandez,4897150176,"01276 Jason Stravenue Apt. 274 Port Terrifort, CA 45744",1050
539,Teresa,Reynolds,737-781-6633,"80610 Katherine Ranch Goodwinbury, RI 40625",1412
603,Christopher,West,(637)418-7416x561,"1543 Jimenez Spurs East Tarachester, WY 75627",1686
829,Sheri,Briggs,(490)576-8684,"10216 Matthew Port Suite 769 Mcgeefurt, MD 63071",1863
670,John,Hayes,547-836-5391,"7258 Daniel Ferry South Robert, PA 39285",1419
544,Jesse,Black,(281)996-1343x715,USS Stewart FPO AE 39322,1743
180,Michele,Oliver,+1-416-383-2464x3698,"7610 Anthony Canyon Morrisburgh, MD 07119",981
179,Leah,Melton,+1-422-899-8814x03891,"10251 William Rapid Suite 167 Underwoodmouth, IL 82847",1422
579,Kelly,Herrera,+1-442-332-9185x741,"35480 Ortiz Burgs North Aprilchester, SD 25321",995
984,Tracy,Kelley,001-987-742-3775,"53933 Rivers Pines Apt. 593 Port Shelleystad, RI 87304",2141
392,Kathryn,White,904.992.8492x80209,"624 Parker Mountain New Lawrencebury, PR 05859",1935
189,Amanda,Griffith,001-501-768-4961x39800,"26377 Keith Fall Kyleton, AR 76752",2106
648,Martha,Pena,618.741.6787x6533,"33205 Kim Court Apt. 663 Thomashaven, AZ 71781",575
537,Bobby,Mckenzie,+1-785-658-3309x21252,"147 Edgar Orchard Apt. 106 Amyside, KS 19596",832
82,Caroline,Adams,717-556-4131x7922,"03422 Heather Walks Suite 107 Garciastad, MA 61281",1285
275,Stephanie,Hernandez,392.783.9740x01444,"13964 Reese Crescent Port Diane, GA 91016",2520
398,Rachel,Williams,001-958-365-6722x2703,"95785 Lewis Club Suite 292 Smithland, MO 32014",917
904,Madeline,Powell,2043199807,"352 Jensen Via North Ian, MS 97576",2615
617,Michael,Coleman,(361)548-9555x7873,"3696 Amanda Unions Suite 717 Lake Matthewview, GU 56494",1748
265,Anna,Greer,854-820-0740x09712,"67203 Brenda Ford Suite 493 East Joseton, WA 53598",973
708,David,Warren,+1-455-528-7686x089,"3254 Rodriguez Way Suite 206 Goodmanmouth, GU 78988",462
885,Kathy,Peterson,001-931-399-0296,"06559 Price Walks Suite 818 Mcphersonfort, NM 19916",402
313,Michael,Carr,561.337.1660,"0839 Aaron Orchard North Sally, FL 61370",831
300,Mike,Ford,+1-782-520-7965x73578,"12105 Clark Centers Kimberlyshire, UT 35018",1689
988,David,Keller,+1-409-898-8029x52529,"13544 Robinson Roads East Debrastad, WY 63596",1963
128,Madeline,Joseph,666-870-8390x827,"69919 Sherry Point West Jean, MI 54769",2763
327,Alexa,Reid,558.491.6773,"6351 Wilkinson Ferry Apt. 668 Westborough, SC 45170",2479
320,John,Thompson,(470)475-6730,"9823 Wilson Canyon Suite 590 East Jimmy, WV 96922",2363
837,Joshua,Gomez,+1-472-850-9986x5490,"639 Mejia Lane Lake Daniel, VA 46355",2689
701,Pamela,Mills,315-578-5479x70913,Unit 2990 Box 3638 DPO AE 09178,1461
965,James,Martinez,4318223142,"0566 James Club Port Hollychester, WI 63710",1047
521,Marc,Mckinney,373.343.0587,"4072 Phillips Track Suite 442 Velasquezbury, GA 00971",2512
205,Kimberly,Robinson,480.425.1196,USNV Dawson FPO AE 64756,2881
455,Maria,Drake,321.705.1629,USNS Jordan FPO AP 73674,863
298,Holly,Harper,001-593-390-3799,"PSC 5761, Box 8814 APO AE 54411",447
411,Thomas,Hopkins,988.222.0058x678,"152 Jimenez Groves Apt. 821 Jessicaberg, MN 44462",1975
303,Philip,Sanchez,(777)504-5924x92370,"6192 Welch Ways West Dawn, MN 08765",661
504,Michael,Macdonald,8865463908,"949 Rebecca Plaza Port Tammybury, SD 05678",607
666,Bonnie,Aguilar,(620)905-3158x713,"9274 Edwards Via Port Thomasbury, TX 38397",2055
999,Timothy,Rodriguez,372-536-3933,"86671 Michael Shores Apt. 230 Johnstonport, VA 47601",657
614,Lindsay,King,001-210-512-2926x194,"532 Christian Village Suite 707 East Jillianbury, GA 66554",281
201,Lori,Moreno,294.838.6575,"187 Tom Canyon North Kimberlyside, HI 05673",992
175,Laura,Castro,+1-579-373-6349x5827,"4015 Forbes Locks Clarkview, IN 36463",1303
164,Robert,Salazar,441-542-1339x04392,"365 Shannon Manors South Janechester, NE 12073",2025
197,Tammy,Bennett,846-656-5776x746,"0113 Melton Haven Apt. 429 West Benjamin, UT 06566",870
931,Kelsey,Morris,227-278-9738,"173 Perez Passage Garciamouth, SD 68017",2712
263,Brian,Galvan,+1-311-577-5857x55533,"580 Michelle Island North Angela, AZ 52026",97
194,Timothy,Cline,(830)448-0452x03715,"03005 Michael Viaduct Tiffanymouth, GA 72991",125
689,Wayne,Scott,464-603-0237x9222,"7467 Wu Brook Stephaniefurt, PR 54954",2004
719,Sheila,Clark,293-793-6954x9179,"22905 Goodman Branch Suite 773 East Mackenzieshire, AS 57899",969
214,Jason,Walton,(537)706-8138,"5619 Michael Port Suite 551 East Dana, IA 39195",2530
866,Rebecca,Gutierrez,298.421.0788x370,"33625 Franklin Ports Apt. 858 Jacksonbury, MD 29069",2512
410,David,Rodriguez,920-382-0023x25695,"809 Montgomery Shoals Port Lisahaven, ND 70383",2956
62,Margaret,Ferrell,001-911-606-9032,"137 Susan Parkway Apt. 947 Hobbsberg, MD 99250",1112
277,Kevin,Barrett,591-363-2772,"753 Morris Flat North Robertside, IL 72425",1809
511,Catherine,Lopez,(683)536-7388x77409,"0884 Molina Keys Apt. 508 Catherinebury, SC 50700",684
713,David,Rowe,922-933-0019,"79175 Chang Springs Apt. 310 New Natalieton, VT 14336",97
618,Michelle,Garcia,808.900.8056,"484 Brooke Valley Jeremybury, LA 01729",2722
692,Bailey,Whitney,(294)258-2845,"899 Macdonald Common Kellyshire, IA 34980",1996
762,Jennifer,Castro,(918)845-4771,"63533 Chavez Fort Apt. 280 Michaelburgh, NY 51104",2450
655,Heather,Martin,+1-657-679-4309x99209,"034 Mike Cliffs Victorfurt, AZ 17906",1345
217,James,Foster,645.772.7916x788,"6352 Escobar Streets Apt. 228 West Brittanymouth, MP 04319",1670
692,Luke,Green,300-663-4870,Unit 7751 Box 6667 DPO AP 27956,474
41,Kelly,Rodriguez,737-427-8910x0220,"2091 Lawrence Circle Millerview, NV 45188",874
228,Alyssa,Moore,+1-593-463-1085x638,"49448 George Cliffs Suite 102 North Williamhaven, MH 10037",2257
272,Matthew,Arellano,+1-774-309-2776x4478,"202 Joel Light Olsenbury, DE 24337",1017
896,Leslie,Ortega,+1-781-631-8564x273,"3296 Julia Walk Suite 587 Lisaland, MI 28880",1530
839,Adam,Pearson,286-297-5610x802,Unit 5464 Box 0953 DPO AP 52260,1607
133,Peter,Bush,462.520.5259x40535,"5322 Hines Gateway New Ericmouth, IL 29890",1538
507,Rachel,Smith,+1-315-964-8066x6845,"6149 Natalie Prairie Apt. 135 North Angela, MP 48482",1260
2,Shaun,Carter,345.804.5724x9139,"82235 Rogers Curve Sheilaview, TN 22290",2605
235,Christina,Perez,001-529-303-9225x622,"515 Moreno Curve Apt. 383 North Jakeport, NM 87947",1231
543,Alyssa,Evans,(928)540-9349x6841,"09037 Davis Springs Padillafurt, OR 56135",1529
166,Tom,Kennedy,232-729-7500,"739 Schroeder Prairie Lake Claudiaberg, FM 83537",166
966,David,Perkins,001-924-740-7760,"04778 Mary Hills Suite 096 Harrisshire, ME 80872",1746
572,Brandon,Gonzalez,+1-202-782-2254x941,"97733 Sherman Inlet Lyonsberg, MO 82385",554
849,Pamela,Mata,001-531-356-7554x0620,"12336 Simmons Knolls North Deborah, GA 98734",2861
384,Anthony,Faulkner,859.342.0887,"05248 Henderson Locks Suite 326 Port Robert, ID 28546",749
522,Andrew,Ward,+1-384-689-7251,"399 French Point Apt. 302 West Leslie, KY 33906",1096
523,Danielle,Smith,(536)548-8008,"75910 Danielle Highway Apt. 535 Archerberg, UT 84110",1494
582,William,Powell,+1-365-761-4426,"01930 Greene Court Jonesview, MI 00710",1757
589,Lindsay,Davidson,291-406-8236,"68046 Elizabeth Points Suite 094 East Katherinestad, OH 76982",1897
877,Theresa,Barnett,629.483.9283x28701,"359 Turner Course Suite 389 Port Aaron, IN 23511",570
146,Emily,Hernandez,827-214-7860x0089,"4024 Ortiz Points Tonyafurt, IL 30805",2256
536,Shane,Pena,450.398.8026,Unit 0956 Box 5282 DPO AA 81388,1946
644,Anthony,Mendoza,(460)869-2555x2726,"439 Jeffrey Summit Suite 288 Chenfurt, CT 12534",1068
205,Alison,Gordon,5849008775,"319 Michael Stravenue Apt. 299 Jonathanmouth, WV 43854",1569
694,Nicholas,Miller,001-944-893-4998x4227,"18053 Dunn Valleys Suite 667 North Jacobside, TN 86897",919
234,Amber,Gardner,(790)411-0927x07696,Unit 2888 Box 9146 DPO AP 02829,640
19,Janet,Boyd,329-733-1637x691,"9425 Mcpherson Forks Apt. 059 East Nicholaston, FL 60104",1106
87,Courtney,Reynolds,001-784-873-9232x763,"44126 Angela Lights West Linda, ND 82088",209
236,Julie,Hudson,531.559.6144,"3156 Beltran Roads Apt. 372 South Christophermouth, PW 39895",1245
903,Mary,Anderson,499-869-1833,"7575 Krueger Islands Apt. 569 Lake Jeffreyside, LA 42198",614
837,Amanda,Allen,(238)457-1948x812,"9756 Joseph Estate Apt. 136 West Joseph, AL 68261",2909
955,Larry,Le,(849)897-5402,"05320 John Plains South Paulhaven, NE 48775",1455
373,John,Hawkins,5036243130,"69162 Gonzalez Meadows Apt. 518 Rodriguezmouth, NE 28502",825
444,Brenda,Miller,9987772810,"510 Tyler Creek Apt. 595 East Dana, AZ 09069",1820
201,Cheryl,Smith,(255)940-1030x21115,"653 Meza Well Sarahton, AK 10649",2719
94,Katie,Castro,+1-224-757-3701x2606,"785 Spencer Tunnel West Ashley, TN 47469",2428
619,Justin,Moore,936.513.0861x217,"445 Salazar Vista Suite 077 Lake Daniel, RI 87467",1068
385,Walter,Romero,(677)905-9832,"4971 Evans Overpass Grahamshire, MO 20780",1862
509,Jacqueline,Bryant,+1-263-534-0630x44952,"1849 Horton Gardens West Bryanbury, TN 87052",788
437,Alyssa,Williams,293.503.5439x34797,"1584 Susan Ville Prestonberg, VT 41416",1999
431,Savannah,Bryant,265-797-3876x15987,"3436 Bailey Glen Port William, MT 86454",996
170,Marcia,Ayala,450.355.3811x52066,"6592 Phillips Lodge Suite 997 Knightstad, KS 58767",84
494,Tommy,Flores,6898644998,"0964 Miranda Green Jonesburgh, WA 90606",1261
669,Robert,Hunt,824-834-3952,"7204 Kristy Ferry Apt. 547 Torrestown, TX 24041",564
568,Tonya,Woods,395-626-5023,"87910 Robert Hollow Lake Lisafurt, OH 84696",1690
214,John,Lawrence,540-920-3064,"7613 Sara Inlet Thorntontown, KS 71799",607
217,James,Shaw,001-370-884-9875x03867,"36933 Allen Dam East Jeffreyport, NV 23099",1942
143,Donald,Daniels,001-434-789-5652x02103,"6738 Kirby Views Apt. 307 Destinyville, VT 06468",1309
105,Margaret,Powell,001-841-271-2532x60098,"5845 Shari Junctions West Isaactown, WI 45527",1165
133,Emily,Cooper,750.856.1051x32985,"90069 Myers Pike East Melissa, DC 11807",2708
475,Benjamin,Gill,+1-462-929-8868x6978,USCGC Howell FPO AE 44108,2600
283,Tamara,Olsen,357.494.3581x6519,"66895 Steven Passage Suite 168 East Danielle, OR 50272",2143
199,Hector,Evans,(976)292-4838,"6183 Hoffman Mill Suite 700 Hendersonton, NM 50050",1554
750,Rick,Barnes,001-695-466-7037x343,USCGC Kim FPO AA 37969,833
469,Brian,Manning,(346)259-0044x8575,"825 Christopher Cove Suite 010 Joshuastad, PA 68524",2804
702,Katelyn,Lopez,703-734-7837x2384,"203 Alyssa Trail Kellyborough, AK 92448",2148
689,April,Hawkins,205.754.0516x0463,"9552 Sharon Orchard West Rebeccaton, ND 33433",2879
160,Cynthia,Green,338.393.8535x747,"PSC 1326, Box 3935 APO AP 14102",602
335,Julia,Garza,331-939-7689x19641,"61031 Fitzgerald Spring Crystalburgh, TN 86350",2962
473,Samantha,Morris,+1-823-204-5973x269,Unit 4307 Box 0597 DPO AE 48322,1540
479,Michael,Robinson,623.939.8691,"743 Mark Bridge Lake Paul, KS 41730",2124
797,Benjamin,Sims,372-722-3217x02763,"311 Taylor Lock Stevenfurt, AS 39638",2352
532,Sandra,Braun,001-984-434-8423x41190,"4408 Francis Island New Helenmouth, IN 16224",421
212,Lisa,Phillips,905.680.3649,"50156 Monica Manor Suite 292 Port Matthewshire, MS 98508",463
37,Nancy,Garrett,741-764-8357,"028 Pamela Creek Suite 491 East Dianaside, CO 11792",574
81,Daniel,Scott,(350)750-6169x62104,"93432 Sandoval Port Apt. 193 Wisehaven, LA 47068",2636
784,Alexander,Brock,641.967.6838x580,Unit 7366 Box 1823 DPO AP 34219,120
163,Thomas,Lewis,001-638-923-9293x324,USS Conrad FPO AE 36354,1033
972,Robert,Patterson,577-880-7704x87562,"9342 Walters Route Tiffanyland, KY 10000",1798
443,Jennifer,Cunningham,+1-321-592-1470,"0103 Ashley Orchard Wrightbury, UT 78421",1362
578,Regina,Price,741.814.6949x679,"68232 Gonzalez Ford Apt. 150 South John, FL 14007",2603
466,Mario,Anderson,260.510.4503,"60644 Luis Mountain Suite 813 North Jared, IL 97801",1602
171,Sarah,Mccoy,7502052919,"7746 Richard Avenue Suite 491 East Tylerville, NY 98025",279
643,Crystal,Long,660.849.6685,"5010 Williams Lock North Annland, NM 46888",2019
185,Monique,Wu,329.402.5802,"901 Ronald Stream Apt. 824 South Kimberly, IN 72308",753
105,Crystal,Rodriguez,+1-273-241-0873,"21367 Jorge Ferry Apt. 445 Harristown, RI 67326",1666
231,Marc,Garza,435.717.1349x42636,"5597 Laura Haven Apt. 070 North Joelport, FL 09917",1191
777,Joseph,Campos,930-721-8028,"17973 Ross Tunnel Suite 353 Townsendmouth, VI 57441",1062
242,Jacob,Rice,679.800.4701,"PSC 8723, Box 7515 APO AA 18920",366
9,Connor,Franklin,8667879536,"3916 Wise Tunnel Apt. 048 East Tamara, UT 48966",1590
723,David,Cook,3262041248,"247 Hayes Prairie Suite 952 Riddleton, CT 05752",578
87,Angela,Alexander,8802949940,"PSC 0621, Box 4018 APO AP 81691",863
498,David,Dominguez,796.293.9296,Unit 5420 Box 5034 DPO AP 09507,2058
937,Jason,Rose,(342)557-4301x2665,"4109 Heather Forks Apt. 396 North Emily, KY 48206",1795
144,Richard,Rodriguez,001-814-239-1576x827,"47615 Espinoza Spurs Suite 790 Bradleyborough, ME 44142",1092
626,Carol,Lee,835.778.2139x7736,"3383 Sharon Wall Shelbyfurt, MD 91890",145
947,Jill,Clark,4598540644,"19899 Williams Ramp Suite 391 East Stevenborough, PR 52515",1261
789,Ariana,Lewis,(458)641-2365,"8159 Williams Mall South Donnamouth, MS 63027",1711
171,Frank,Curry,+1-854-811-8503,"300 David Extension New Cassandra, LA 57828",2606
274,Shawn,Howard,001-900-267-2041,"678 Austin Flats Annashire, PW 12042",583
50,Emily,Schultz,(916)440-3980x30300,"14039 Henry River Jasonview, TN 38372",845
161,Holly,Horton,(268)890-0414,"26523 Kelly Center Apt. 617 Morenobury, FM 16011",2936
335,Ashley,Lewis,4775334427,"PSC 4365, Box 5611 APO AE 31207",143
178,Barbara,Hernandez,(496)955-9835,"529 Brandon Underpass Apt. 378 Port Betty, OH 44584",337
279,Robert,Alvarado,814-699-3239x9672,"338 Deborah Meadows Apt. 722 Reneeview, AK 00717",936
621,Norman,Haney,+1-471-992-4862x9441,"77641 Brown Forest Apt. 915 West Markstad, IL 38450",1416
95,Nancy,Brady,234.449.6686,"7017 Watson Gardens West Monique, NV 85229",1053
200,James,Williams,819-784-2912,"1998 Forbes Stravenue Suite 540 Lake Nicoleville, MN 50157",2581
115,Gilbert,Anderson,001-866-549-9853,"12117 Robinson Station Suite 482 Micheletown, AR 63394",2403
512,Janet,Miller,001-670-882-4658x3537,"859 Collins Inlet North Gary, IA 84584",2553
172,Donald,Macias,895.911.3369x37644,"33449 Gonzalez Land Apt. 072 Suzannebury, NC 93081",2719
175,Sandra,Hanson,7758877075,"92487 Elizabeth Prairie Apt. 933 West Amy, OR 60440",1812
832,Robert,Reyes,4202891634,"059 Joseph Keys Millerborough, MN 14731",515
104,Warren,Cole,001-960-503-9349,"72219 Perez Fort Suite 761 East Zachary, NC 35531",2680
766,Jessica,Aguilar,8898735689,"4916 Brandon Valleys Lake Annburgh, GU 20695",2565
120,Patricia,Roman,793-204-9942x990,"5098 Hernandez Freeway Suite 674 Ambermouth, IN 22559",1084
308,Cynthia,Sanchez,732.230.1042,"612 Osborn Plains Apt. 871 Garciaberg, MD 48595",1901
732,Jeffrey,Thomas,729-646-0841,"33678 Robert Prairie Suite 173 Danielside, MH 60887",2661
680,Teresa,Mcdonald,460.777.4651x867,"2666 Charles Ford Lake Garrettland, WA 15360",107
545,Paul,Hernandez,001-328-366-6951x3099,"08188 Ramsey Flat South Melissa, CA 30012",75
970,Robin,Franco,+1-274-639-0917x355,"32681 Huang Manor Port Sarashire, VT 29935",1386
44,Dawn,Lopez,(881)662-9339,USNS Welch FPO AA 75942,2415
469,Monica,Butler,+1-360-671-2279,"4508 Laura Vista Kimfurt, VI 97439",238
532,Karina,Johnson,(907)790-8949x9985,"35403 Roy Center Emilyhaven, NM 76142",2731
527,Christina,Miller,663.242.0318x5531,"134 Patton Mills Apt. 703 Ayalahaven, CT 44452",2949
107,Samantha,Camacho,(587)769-5393x4996,"3478 Adkins Forge East Thomaston, OK 03718",151
238,Isabella,Webb,469-401-7552x7927,"3579 Gonzalez Knolls New Stephaniechester, VI 75342",2369
637,Nicole,Juarez,814.902.8873,"397 Brown Meadow Hayeston, FL 45211",658
33,Jonathan,Arnold,355.806.6355x34500,"22788 Morrow River Jenkinsfurt, ND 60062",1996
544,Cheyenne,Williams,001-881-320-1034x0362,"7622 Torres Brook Suite 208 South Scott, OK 19698",76
355,Lisa,Spencer,539.528.9552x221,"1582 Ann Spur Suite 460 Mooreview, OH 52672",2715
516,Shirley,Ellison,3592652750,"PSC 6717, Box 9530 APO AP 86645",868
720,Patricia,Harper,(780)305-7232x261,"742 Goodman Cliffs South Grantton, NM 81339",1622
752,Jake,Johnson,510.209.3652,"87726 White Circle Suite 039 Daniellebury, SD 72496",917
324,Gabrielle,Gross,(797)258-7593,"5657 Meadows Green Suite 801 Herrerahaven, VT 77292",2328
83,Lydia,Bates,001-900-540-5219,"73539 Franklin Views Suite 466 West Marisaburgh, MA 93838",1129
735,Melody,Owens,(249)200-0049x8249,"046 Daniel Rue Port Angelberg, DC 21747",1588
975,Courtney,Barr,872-380-3142x1950,USNV Christensen FPO AP 99224,910
474,Elizabeth,Mcgee,(218)755-0493,"2265 Bowen Prairie South Tammy, OK 54423",2871
469,Alyssa,Perkins,001-513-708-7862x81560,"675 Yang Tunnel Suite 767 Lake Alexander, AL 97121",750
236,Emily,Lopez,466.923.8956x6360,"70908 Wood Dale South Bonnie, KY 64382",630
792,Sarah,White,890.440.8405x90793,Unit 7286 Box 5519 DPO AA 71245,1978
377,Isaiah,Ramos,9825645237,"4298 Huang Ramp Danielleton, MA 24610",2440
119,Kelly,Calhoun,+1-266-607-4038x171,"96943 Brown Ferry Port Laura, AL 17338",2134
666,Samantha,Cline,001-724-251-4260x28207,"55836 Dana Station Port Kennethhaven, ME 24582",2188
637,Travis,Singh,938-206-6299x050,"32520 Aaron Path Prattshire, WI 12880",259
403,Christina,Obrien,(824)605-2775x70056,"5235 Bridges Glens North John, MO 24139",833
277,Caleb,Hill,793.476.2469x15385,"1831 Lauren Place Apt. 606 Stephaniemouth, NC 78710",1957
896,Eric,Brown,987.642.4334x6901,"23348 Thomas Route Suite 771 Port Kayla, NC 98174",336
303,Jennifer,Castillo,+1-246-848-0294,"0286 Wendy View New Barbaramouth, DE 62311",368
373,Jessica,Berg,001-929-491-0208x13862,"546 Hamilton Way Wilsontown, CO 90931",434
610,Brian,Nunez,437-305-9082,"400 Heather Spurs Lake Barbaraport, CO 13882",1347
894,Benjamin,Patrick,+1-331-850-2967x37811,"83947 Harper Course Ronaldside, NC 88323",2946
696,Sierra,Snyder,601.866.4902x1774,"80191 Riley Cape Suite 206 Lake Brettton, AL 58005",1356
325,Kevin,Yoder,+1-974-382-8856x057,"68244 Mitchell Fords Smithtown, WA 10775",995
164,Sue,Rich,001-969-581-0470x809,"16209 Amanda Plaza South Danny, FM 64976",2997
105,Mitchell,Chandler,578.285.7499x480,"117 Jenny Squares Apt. 110 Morenoport, KY 49327",2010
842,Meagan,Strickland,881-271-2736,"53505 White Tunnel Suite 517 East Heatherstad, OR 86633",551
320,Keith,Todd,528.297.0846,"731 Brown Squares Martinmouth, MN 73547",2551
451,Pamela,Mcdowell,262.687.3892,"84920 Dylan Forest Phillipsfort, IN 11166",2339
305,Thomas,Adams,001-240-804-6914x41144,"765 Sellers Circles New Haley, DE 45748",1509
386,Mary,Alexander,(554)566-6372x496,"83500 Paul Fort Virginiafurt, FL 24309",1041
286,Lisa,Jones,793.687.9528x15361,"4302 Brandon Brooks Suite 706 Wardton, PR 96722",1288
512,Madison,Jackson,436-310-7911x534,"60793 Rachel Summit Lake Emma, KY 75214",987
743,Jeremy,Aguirre,336-273-8249x907,USS Gonzalez FPO AA 37858,2181
936,Jennifer,Perez,582.523.8392x91624,"9366 Felicia Loaf Suite 611 New Willieburgh, WI 57418",482
404,Juan,Hill,(902)605-6874,"425 Samantha Mountain Suite 231 Port Meganhaven, NH 53729",136
31,Lindsay,Mendez,296-920-6072x416,"8994 Francisco Throughway Karinafort, DE 50563",1166
47,Christina,Lindsey,(409)365-6201,"20651 Tyler Way Apt. 367 Tammyfurt, AL 14629",1959
658,Christina,Cummings,+1-867-910-1965x832,"77053 Nathan Burgs Apt. 464 East Jennaview, VI 89988",1564
262,Vanessa,Nelson,+1-618-223-6042x8913,"79059 Adam Street Apt. 064 North Donnastad, MO 85613",1685
368,Cynthia,Russell,975.288.0905x023,"58853 Pugh Road Lake Jasonside, HI 50238",1791
675,Kenneth,Clark,001-355-236-7755x041,"12923 Walker Valley North Nicholas, IA 19325",2174
718,Jessica,Allen,(909)835-9744x798,"5913 Leroy Inlet East Benjaminville, CO 90417",1415
370,Margaret,Wang,+1-576-351-3754x64978,"8238 Santos Views New Davidport, KS 03306",1745
211,Noah,Massey,688.465.5586,"95107 James Neck Rodriguezfurt, MS 08618",2878
129,Timothy,Daniels,001-476-513-4483x5681,"3682 Kenneth Crest Suite 611 Lake Kathleen, HI 35399",2652
767,Shaun,Wilson,587-988-2537,"1080 Tiffany Village Suite 069 New Michaelland, NE 13711",673
60,Christopher,Smith,931-797-9409,"01795 Hawkins Court Apt. 283 West Ericaport, NV 02279",932
216,Anne,Weaver,3583891827,USNS Davis FPO AP 95842,1852
883,Mandy,Bates,545-552-6206,"120 Richard Ports Laurachester, VI 72927",2058
980,Michael,Brock,(944)695-7025,"9158 Nicole Mission East Melissafort, MP 64165",2872
902,James,Ingram,+1-541-698-6961x0499,"88925 Monica Pines Apt. 831 Jonathanhaven, IN 44842",1764
484,Christine,Lewis,+1-256-558-3253x677,"404 Jonathan Fields Suite 091 North James, VT 68842",1435
583,Ryan,Baker,314.404.1074x95713,"11457 Stephanie Court East Joshua, TN 93277",465
97,Teresa,Alvarez,+1-241-747-0807x5903,"28109 Beasley Crossing North Randy, DC 62642",1122
192,John,Andrews,(453)752-8274x4688,"1228 Lori Spur Teresaland, WA 13991",236
30,Vanessa,Wilson,+1-493-787-4609,"80917 Melissa Track South Kathleen, KS 62134",1643
450,Tiffany,Garza,+1-524-539-0075x407,"80784 Jerry Forge Apt. 974 Heatherfort, NC 09697",2560
96,Ian,Sims,4728400054,"902 Brian Curve Apt. 032 Lake Lori, NJ 83040",2789
885,Michael,White,+1-326-667-3573x38565,"51093 Brian Run Cathyberg, WA 52787",2295
404,Jeffrey,Carter,742.772.9110x77496,"43422 Larson Harbors Apt. 095 New Rebeccaberg, VI 87751",231
332,Larry,Molina,001-353-511-7740x7112,"28093 Kenneth Manor Suite 333 Ariasbury, NE 23606",229
729,Brittany,Maldonado,001-534-840-3625,"79238 Samuel Pass Suite 086 Port Michellemouth, GU 41186",279
31,Robert,Wilson,001-737-918-6683x1285,"3597 Natalie Pass Suite 398 Jillianview, KY 77087",2693
699,Jessica,Page,993-663-0258,"88068 Mary Points Suite 148 New Daniel, CA 44310",2946
127,Stephanie,Brown,533.618.2141x793,"42304 Johnson Land Suite 352 Alvaradoside, FM 85887",1460
874,Jennifer,Pena,(832)790-3427x421,"9881 Clark Rue Apt. 364 West Johnchester, NJ 42962",401
171,Elizabeth,Lopez,001-361-602-5518x80244,"7519 Shannon Via New Patrick, OH 56793",2302
274,Robin,Meyer,001-316-207-9863x1550,"PSC 8577, Box 9314 APO AA 96447",359
484,Hannah,Ashley,(795)492-0165x394,"937 Thomas Drive Suite 593 Kelliberg, NE 11145",524
809,Eric,Lang,001-355-778-4832x2768,"222 Jones Streets Port Michael, AL 18037",226
135,Laura,Ramsey,(691)913-9587x361,"90120 Warren Throughway Franklinport, PA 05645",2597
363,Anthony,Saunders,001-490-629-9001x5236,"5095 Kimberly Run Suite 372 Robinfort, IN 17049",1152
46,Robert,Weeks,+1-369-667-7027,"300 Steven Oval East Lee, ND 21162",2397
517,Daniel,Allen,(259)869-3085,"1802 Roberts Wall New Christopher, NE 25345",2881
190,Michael,Freeman,419-931-7136x826,"549 Gonzalez Trace New Erica, OK 40441",2822
244,Jon,Hunter,001-263-827-8693x864,Unit 0652 Box 1410 DPO AA 34444,637
51,Daniel,Richardson,(376)376-3533x578,"684 Lauren Harbors Dayport, SC 48183",2075
3,Tina,Strickland,698.733.1597,"990 Golden Hill Apt. 881 Davidland, HI 74551",1397
351,Shelby,Cardenas,(396)330-1520x13566,"6363 Shaw Route Apt. 628 Norrisview, CA 13079",2099
988,Chad,Hernandez,001-770-580-5512,"635 Martin Prairie Hicksstad, HI 41643",936
701,Michelle,Porter,219.947.6985,"34007 Williams Squares Lake Waynehaven, CT 33108",217
289,Debbie,Robinson,+1-622-244-8349x509,"939 Michael Course Suite 174 Charlesstad, VT 19135",378
269,Raven,Foster,(623)840-5626x75933,"719 Scott Port South Melissa, MI 67246",2195
888,Sandra,Morris,348.415.4745x182,"06450 Dickson Route North Wendyville, DE 81780",527
168,Tara,Jennings,001-699-438-6591,"8579 Norris Valleys Apt. 139 Kristiborough, CT 57859",2727
555,Garrett,Smith,327.823.9173x7594,"1626 Luis Crest Suite 363 Port Roberttown, MI 31919",1591
235,Joseph,Smith,001-827-814-9939,"40762 Brooke Plains West Stephanieland, PA 10241",1529
680,Douglas,Pierce,3454532461,"348 Smith Ferry New Rebecca, DC 18029",2534
986,Gregory,Estrada,326.349.5052x80313,"PSC 1690, Box 5385 APO AE 56396",2613
398,Thomas,Dickerson,001-549-352-4698x8558,"9798 Joseph Haven Suite 312 South Bradley, MO 15765",2267
12,Dustin,Sutton,433.213.4855x4054,"396 Angelica Green Lake Thomaston, SD 84920",431
840,Jasmine,Estrada,369-685-9132x56606,"451 Mitchell Landing Castilloport, TX 50628",975
250,Debra,Daniels,(297)395-6660,"17525 Lewis Keys North Kayla, MA 09849",2701
455,Bianca,Marsh,001-776-960-5677x71143,"901 Simon Cape Suite 736 Ortizside, NC 50593",1593
349,Andrew,Barry,283.608.0682x415,"033 Rose Bypass South Natalie, IN 99755",2163
686,Frederick,Bowen,001-374-729-6198x570,"749 Yates Ranch Port Destinyburgh, MA 07037",1560
626,Leah,Fowler,733-573-5478,"72090 Donna Street Suite 109 Port Maria, PR 52441",2935
302,Erin,Sutton,685.924.0667x17308,"46020 Wagner Turnpike Suite 633 Beltranborough, TN 25904",2995
930,Peter,Smith,+1-942-262-8257x432,"4413 Marquez Valleys Kimberlyshire, AR 44769",1904
768,Barbara,Miller,449.716.2618x3891,"67018 Murray Hollow East Stephaniemouth, AZ 42252",1597
214,Douglas,Cruz,+1-684-668-9535x8809,"69540 Edward Well Joelberg, ND 83732",1154
184,Samantha,Atkins,8483230148,"60529 Walker Orchard Lake Jessica, NM 74574",1075
209,Stephanie,Jordan,001-908-942-1202x4852,"9655 Johnson Brooks Apt. 089 Jacobton, MH 89742",2290
794,Rebecca,Wood,430-677-7997x807,"165 Phillip Bridge Apt. 998 West Stacyberg, MA 74733",2096
317,Melissa,Reid,303-255-9299,"3425 Wilson Lock Suite 129 Kellyburgh, AZ 97832",251
667,Jessica,Webb,(892)246-9773x379,"43263 Tucker Parks Suite 782 Kingstad, VT 85677",2809
619,David,Mejia,(963)264-2592x049,"79312 Phillip Bridge Stewartside, DE 08917",2718
895,Shawn,Harris,(901)340-7001x81725,"32495 Smith Cape Apt. 011 West Shawnaside, KY 72918",710
321,Oscar,Erickson,273-510-3906,"517 Atkinson Estate Williamsmouth, TN 20335",180
136,Michael,Hernandez,228.625.5817x3926,"45513 Paul Track Apt. 864 Port Zachary, IN 29155",2260
7,Emily,Hernandez,772-647-2036x57537,"7170 Melissa Avenue Suite 676 Matthewmouth, IL 18009",1035
53,Bradley,Jackson,560.230.3405,"2907 Donald Burgs Oconnellmouth, PR 91870",1156
969,Steven,Todd,290.357.0682x836,Unit 4114 Box 2920 DPO AE 85062,2297
473,Ryan,Carlson,001-781-694-7979x741,"76442 Ryan Spring Suite 954 Donovanstad, NH 90297",2812
583,Tina,Nixon,3392538720,"09291 Larry Keys Suite 991 Jessicastad, MT 54159",772
734,Margaret,Cook,484-610-0229x34681,"3791 Giles Unions Apt. 415 North Shawnton, TN 22810",680
389,Gary,Hayes,229.588.8407x75015,"2191 Jennifer Alley Apt. 812 Fisherchester, NM 72765",2188
857,Tanya,Black,400-928-6036x5748,"9946 Schneider Loop Apt. 619 West Gilbertberg, PW 14947",2866
858,Matthew,White,396.231.7717x6446,"1445 Anne Forge Apt. 800 North Rebeccaport, UT 32857",1281
34,Kathryn,Thomas,(772)993-0652x3881,"3741 Gonzales Inlet Richardview, MN 14618",1466
202,Jon,Levine,+1-633-994-0501x300,"42190 John Knolls New Lisa, AK 09870",440
721,Stacy,Miller,476-232-7865x7981,"7450 Curtis Inlet South Bradley, HI 92279",148
814,Sara,Randall,314.441.8197,"860 Hull Corner Port Jeremy, MN 78169",1146
15,Charles,Jackson,+1-614-967-6512x6472,"172 Suzanne Prairie New Cody, FL 70432",905
249,Melissa,Martinez,357.930.7000x561,"4333 Davis Junctions Port Christopher, AZ 65183",2244
617,Christopher,Fox,001-491-789-3588,"44997 Higgins Crossroad East Melissaborough, PA 36121",2620
980,Melissa,Henry,(877)912-4848x8540,"6080 Mccormick Skyway Suite 317 Lake Dustintown, OH 23190",1557
73,Molly,Smith,(269)654-1817,"54881 Daniel Pines East Jasonton, UT 01839",1417
608,Linda,Huff,(481)507-7682,"618 Gary River Marshallchester, OH 71831",991
852,Kristen,Mclean,2625062744,"609 Richard Junction Apt. 888 Annfurt, IN 65621",1893
155,Mary,Guzman,325-243-8970,"1601 Gould Rapids West Michaelside, ND 09174",1512
82,Lindsey,Craig,798.609.1683,"88061 Brian Forks North James, PR 76125",107
773,Jessica,Anderson,546-534-5710x733,"26669 Reynolds Viaduct Suite 428 Port Jennifer, AR 10833",1668
42,Ashley,Diaz,428.676.5717x59359,"13051 Kristine Island New Eileenfurt, AR 89175",1740
681,Derek,Adams,(423)899-7811x97414,"4997 Moody Drive West Bryan, AL 08070",2400
894,Justin,Reese,(770)378-4065x4013,"18896 Jeffrey Track Apt. 014 Port Barbara, MN 29480",155
672,Jesse,Peterson,561.225.1535x1158,"24598 Rebecca Village Suite 836 East Lindsay, NE 93605",2532
742,Abigail,Woods,9459926601,"6442 Kelly Isle Riddleville, NE 38616",407
282,Natalie,Ortiz,430.742.5722,"3080 Chavez Harbor Deanmouth, ND 05739",530
809,Larry,Moreno,(926)531-2429x65264,"24004 Woods Canyon Apt. 251 South Todd, NE 30856",1190
391,Christopher,Ruiz,(839)260-2566x6863,"8035 Jacqueline Lodge Suite 667 North Melissaton, NJ 53763",842
832,Heather,Hooper,001-755-650-7913x7910,"50937 Amanda Landing North Stephenshire, HI 24237",2867
428,Justin,Banks,+1-858-682-7519x3470,USCGC Jackson FPO AP 13764,1152
618,Brooke,Andrews,(899)747-1046x36069,"149 Amanda Square North Jimmy, LA 80368",192
851,Daniel,Lewis,001-782-892-5539x17480,"49791 Hall Garden Port Eric, KY 29339",125
13,Lisa,Murphy,+1-234-937-6740x33643,"57181 Wells Mount Suite 907 Angelaborough, AK 10226",1142
383,Rose,Duran,201.577.5252,USCGC Watson FPO AA 98885,2131
50,Scott,Adams,357.712.8948,"773 Tiffany Viaduct East Susanchester, DC 90630",966
370,Maurice,Mccoy,454.721.1661x76375,"PSC 5838, Box 8608 APO AE 41981",2638
991,Candice,Mendez,+1-291-585-6184x22164,"07808 Fleming Points Apt. 206 Davisburgh, NV 81545",1510
554,Natalie,Lopez,9407934597,"5459 Kristin Crescent Lake Heidishire, MH 49438",877
813,Lance,Wells,001-840-730-9460x64040,"2341 Sanchez Views Apt. 347 South Jacquelinebury, NV 18167",2368
174,Donna,Mcdowell,(360)280-5528,"24734 Rodney Trace South Ericville, NV 52557",1348
459,Tammy,Andrade,349-413-3400x1587,"0712 Carson Courts Suite 645 Jennaside, VI 80325",2527
369,Rachel,Howell,(449)507-0644x26700,"PSC 4449, Box 3449 APO AP 31339",1656
545,Cole,Shaw,7133329084,"233 Cynthia Ridge Suite 843 Davidport, SD 11585",1720
6,Hunter,Young,+1-849-503-3464x357,"5658 Jose Stravenue Suite 109 North Amy, PR 10406",161
187,Veronica,Wright,001-796-342-8625x5003,"208 Justin Passage Suite 096 Arellanotown, WI 53201",2447
704,Austin,Mejia,(652)804-9538,"686 William Extension Apt. 097 East Cynthiaville, NM 87550",489
934,Michael,Williams,202.352.8242,"0790 Laurie Bypass Bennettfurt, ME 27948",1739
671,Laura,Whitaker,(652)291-1028x290,"59540 Chavez Walks Obrienview, AS 56880",78
854,Charles,Wilson,(996)877-3599x39721,"14833 Linda Union Apt. 602 Glassfurt, AL 59059",1566
821,Robert,Moore,(673)824-3523x594,"8842 Timothy Parkway Suite 377 Michaelton, RI 98212",2011
773,Stephanie,Moon,659.938.5941,"751 Keith Crossing Suite 510 Dunnstad, MA 03045",2624
598,David,Gonzales,+1-946-827-1273x92912,"41559 Crawford Alley Rachelview, DE 10905",2656
855,Dawn,Perez,001-719-719-9476,Unit 6953 Box 8039 DPO AP 07988,2857
795,Jason,Rodriguez,+1-943-871-5791x415,"2627 Eric Square West Alexanderberg, WI 26805",62
447,Juan,Maldonado,(707)652-1761,"455 Elizabeth Ridges Suite 961 Ibarramouth, WI 92493",2240
924,Cassandra,Walker,229.212.0731x72669,"434 Mclaughlin Passage Mariashire, CA 23678",122
262,Kenneth,Wheeler,502.324.0389x838,"92068 Griffin Hills Suite 910 South Julie, SC 26742",1974
945,Virginia,Bowen,630.461.1624,"134 Williams Green East Tamara, MO 02965",2752
246,Wesley,Johnson,760.985.6226,"039 Holly Vista Margaretfurt, NM 33039",1882
449,David,Andrews,391.716.9114x1680,"24339 Rice Square Apt. 998 Alexanderville, TN 69284",96
690,Michael,Stevens,334.818.1828x7742,"5197 Johnny Glen Clarkbury, SD 27233",1452
886,James,Grimes,001-631-365-7227x65663,"PSC 3954, Box 6334 APO AP 94588",1323
33,Laura,Kramer,6139922686,USNS Hardy FPO AE 02627,1105
437,Colleen,Norris,242-911-1183,"19016 Allen Cliffs Apt. 846 New William, AZ 70401",138
113,Nicole,Marshall,+1-960-244-3593x46624,"048 Chandler Centers Apt. 807 Port Rebeccaburgh, RI 03695",1496
180,Marissa,Kim,791-279-3179,"341 Thomas Crossing Katrinafurt, PA 95136",1773
689,Michael,Farrell,001-323-478-5774x2830,"016 Robertson Turnpike Suite 866 New Pamelahaven, MI 24717",2279
937,Maria,Marquez,781.947.0896,"0911 Johnson Burgs Apt. 554 Lake Debraborough, VT 30175",1966
174,Kara,Robinson,230.891.7639x8805,"2743 Corey Tunnel Lake Stephanie, GU 87586",2631
34,Chelsea,Molina,940.585.4670,"3948 Glenda Crest Karenfurt, MI 44874",2900
446,Brittany,Harvey,244-965-0260x86175,Unit 6200 Box 1469 DPO AA 90011,1720
280,Emily,Walters,(922)572-9714,"5110 Theresa Center Apt. 508 East Stacy, VI 06004",1839
652,Jeremy,Nelson,(736)402-9028x37167,"98935 Hunt Trail Lunaview, MD 62203",364
841,John,Taylor,855.401.5622,"124 Lydia Route Suite 867 West Chadberg, AZ 59889",1284
381,Jessica,Smith,+1-910-533-9337x87061,"130 Curtis Club Suite 153 Howardton, UT 09009",2995
979,Kristi,Hickman,001-649-392-6351,"4861 Susan Park Suite 691 Hughesville, DC 98637",1282
149,Jessica,Johnson,606-487-2053,"7966 Carrie Prairie Kingmouth, MN 41551",2210
479,John,Rose,+1-709-972-3386x48235,USCGC Salinas FPO AA 01371,948
794,Joseph,Brown,(402)424-5173,"8316 Coleman Harbor Maryhaven, WV 99749",1305
335,Patricia,Martin,+1-834-864-1197,"02545 Sandra Plain South Kevin, DC 59364",2463
403,Deborah,Taylor,(268)539-5037,"124 Tristan Centers Suite 512 Edwardsstad, AK 77330",793
625,Kathleen,Cline,001-928-838-1605x4633,"68741 Donald Meadow Apt. 984 Lake Angelahaven, FL 09988",536
574,Michelle,Moore,594.351.3055x3828,"212 Davis Hill Thomastown, FL 75486",66
688,Paul,Young,+1-685-223-1130x22061,"23292 Deborah Center West Lauraview, WI 50021",1472
6,Michael,Matthews,(336)537-7328x0525,"317 Rodriguez Drive Apt. 213 Lake Matthewtown, AZ 82123",1621
840,Ross,Lindsey,886-833-1164x04960,"080 William Crescent Suite 843 South Kelsey, AR 98491",2317
781,Christopher,Brewer,(914)925-9218x3016,"9065 Philip Estate Suite 288 South Darrellborough, GU 33874",1064
217,Jessica,Dyer,219-838-6903,"2689 Phillips Plain New Scott, HI 18822",2920
474,Paige,Marquez,3788510899,"19588 Bryan Parkway West Rachelport, PA 07631",2733
854,Chelsey,Hansen,322-517-7537,"248 Victor Lights Apt. 038 Campbellchester, PW 66536",260
231,Leah,Burns,(884)684-7156x682,"60240 Barry Inlet Markshaven, OR 22702",2642
317,Patrick,Potter,996-425-3776x43201,"83457 Denise Knolls Suite 569 Davidport, FM 33084",1360
285,Patrick,Moore,385-748-1579x6134,"1848 Andrea Forges Rogersfort, PW 51074",2173
135,David,Chambers,001-861-370-1102,"39168 Theresa Unions Port Terri, FL 51369",2382
994,Christina,Hunter,9752755964,"5432 Martinez Trafficway Apt. 182 Floresburgh, CO 75826",524
725,Douglas,Brown,894-685-8133x31345,"81868 Cynthia Row Suite 334 Port Kenneth, AZ 02613",2782
146,Ryan,Grant,346.471.3597,"810 Melissa Coves South Dustin, ME 53515",257
289,Christopher,Aguirre,303.638.2072x5675,"11119 Ashlee Pass Jeffreyberg, WI 09331",1006
942,Zachary,Williams,511.268.7091,"0028 Davis Bridge Suite 027 Port Shannonberg, PW 03183",1922
919,Julie,Norris,(216)386-6416x61776,"6053 Brown Cove Wellsside, OR 76573",860
510,Ronald,Sexton,001-254-313-7872x648,"3762 White Divide New Sean, OH 49060",356
764,Nina,Hardy,378-609-4572x753,"2770 James Island Apt. 493 Port Melissaland, IA 15981",1831
460,Brianna,Robinson,+1-231-369-8652,"133 Bowman Cliff Lawrencefurt, FL 82443",810
756,Jason,Simpson,636.666.2938,"81701 Patrick Mountain Apt. 064 New Angelamouth, OR 56318",889
920,Nathan,Mendoza,+1-271-597-4198,"8922 Stephens Spur Apt. 871 Wilsonmouth, RI 86811",210
737,Jermaine,Casey,+1-721-665-6388,"4620 William Squares Sarahmouth, CA 98855",1846
876,Chad,Tucker,(480)348-8466,"969 Morgan Meadows Suite 954 North Megan, OK 83847",2957
785,Patricia,Melendez,+1-954-787-9616x31134,"PSC 8997, Box 0375 APO AP 34856",626
807,Kevin,Peck,001-598-213-9718x4074,"30797 Joshua Parkway East Eric, CA 15982",289
616,Angela,Ho,2006327700,"0772 Joshua Junctions Apt. 294 South Carol, NV 97775",891
348,Kenneth,Smith,001-918-211-5791x2283,"1987 Munoz Course Suite 027 Port Chad, OH 12806",1757
207,Sara,Kerr,704.381.6752,"265 Anderson Views Apt. 758 Matthewville, KS 38543",2841
158,Jeremy,Casey,432-392-8836x84352,"77110 Patrick Summit Apt. 025 Brownport, MT 32603",1812
903,Melanie,Golden,001-621-593-0948x195,"5804 Jones Mission Lake Anthonytown, MI 13546",1567
632,Jaclyn,Fisher,(721)446-3306x93825,"1904 Valencia Point Suite 531 Thomaschester, IA 52208",1591
934,Andrew,Reyes,744.284.0048x025,"2902 Kathryn Expressway Forbeston, UT 23748",2855
139,Meredith,Smith,001-736-618-1709x7086,"92831 Jackson Union Port Mary, KY 84013",1874
913,William,Watson,+1-871-764-8444x7458,"1910 Nicholas Dam Aliciaview, MH 10444",2621
762,Damon,Briggs,867.593.5528x5257,"51582 Lisa Common Apt. 892 Ballardside, NV 86818",649
151,Micheal,Miller,(761)417-7800x337,"9164 Perez Lane Brianville, MP 44906",979
884,Emily,Walsh,408.325.9393,"0778 Griffin Station Apt. 668 Michaelside, WA 42501",1820
895,Michelle,Young,3059643510,USNS Coleman FPO AA 95160,2675
133,Robert,Sanchez,+1-957-544-8901,"358 Shawn Point Apt. 326 New Michael, GA 10373",145
142,Audrey,Hernandez,+1-573-345-5564,"1537 Perkins Points Harrisonmouth, AR 76178",2168
799,Antonio,Burton,+1-527-790-7938x47544,"467 Hall Parkways East Aaron, NV 85396",1912
701,John,Ayers,+1-974-460-9335x4349,"697 Patty Points Port Wayne, FM 65616",2037
373,Danielle,Wheeler,+1-320-691-3715x1701,USNS Cruz FPO AP 94630,358
937,Karen,Henry,(510)345-4198,"561 Kristina Freeway Rodriguezmouth, ID 86609",1264
128,Laura,Thomas,(811)892-8746,"01830 Rush Light Richardbury, TX 16876",81
320,Lisa,Mclaughlin,(698)767-5613x5350,"808 Castillo Port Apt. 353 Dixonchester, MP 05105",1950
246,Julie,Ashley,411.310.5212,"6744 Miranda Wells Apt. 767 North Matthewside, AK 30015",85
899,Richard,Thompson,231-988-3475,"3799 Alyssa Plains Suite 220 Sarahland, TN 86929",292
495,Kathryn,Henry,720.445.1796x84691,"260 Collins Walk Dustinstad, AL 54808",2721
207,Dominic,Huynh,971.512.1616,Unit 0056 Box 8915 DPO AA 88173,1226
720,Christina,Wiggins,668.733.1352x07106,"01401 Catherine Plains West Huntermouth, MA 59458",1217
950,Carlos,Thomas,(211)556-2621x2432,"PSC 9113, Box 6266 APO AA 14477",262
118,Julie,Stevens,+1-715-453-2640x8670,"68593 Gregory Tunnel West Andrew, OR 31944",545
404,Elizabeth,Skinner,640.455.7868x34741,"735 Robert Causeway Apt. 851 New Richard, AR 60888",2352
263,Joyce,Mcdonald,566-690-0188x8788,"12671 Tara Viaduct Apt. 164 Port Gregory, WA 08671",891
593,Eric,Edwards,(716)707-9966x589,"5651 Hickman Avenue Apt. 023 Cynthiaville, WV 08049",2007
303,Heather,Bates,001-714-289-2891x70302,"5398 Jordan Curve Jenniferland, ND 28551",915
105,Richard,Fernandez,+1-830-970-0685x6530,"PSC 5118, Box 1855 APO AE 42256",2702
275,Alexander,Rojas,485.248.9484x3387,"864 Geoffrey Springs Suite 500 East Janiceville, HI 77403",1860
264,Melissa,Brown,967.739.4978x99747,"2373 Denise Dale South Rhonda, VI 59127",677
127,Katherine,Herrera,841.345.1064,"81685 Williams Rue Apt. 514 Smithmouth, VT 34929",1212
299,Ashley,Mason,001-669-965-0779x83295,"PSC 4984, Box 1688 APO AE 99129",2474
376,Kristin,Smith,001-845-930-2864,"14619 Melinda Cape Lake Brianchester, NC 80685",502
225,Ian,Terry,365-680-1223x89551,"1058 Brianna Ridges East Robertport, TN 60400",1521
548,Charles,Kirby,894.215.4219x925,"PSC 6626, Box 7137 APO AP 11299",382
23,John,Rivera,(316)358-0966,"4730 Mary Wall Fosterfort, NM 09447",1588
570,Nathaniel,Moody,(270)917-0860x0113,USCGC Carroll FPO AE 46659,1959
514,David,Flores,298.259.0773x032,"021 Grant Squares North Shawnaburgh, CA 18055",2175
63,Elizabeth,Sanchez,(812)312-7974x4707,"01565 Lambert Centers Apt. 358 Vickiestad, ND 68852",580
192,Rickey,Owens,624-452-3797x40945,"58751 Allison Way Moralesport, IL 05034",2003
623,Bailey,Gonzalez,6235754156,"971 Jason Corners South Chadbury, AR 54047",1054
708,Scott,Martinez,+1-507-883-9835,"677 Gomez Club East Samanthaland, NH 69985",669
164,Kristine,Gonzales,+1-300-880-9058x49675,"7948 Larry Via Suite 240 Matthewberg, RI 59502",1476
417,Heather,Lewis,(265)809-2128x45566,"60561 Gonzalez Roads East Crystal, DE 14407",2431
615,Pamela,Woods,(879)576-4715x0140,"4572 Fitzgerald Brooks Amyside, VI 83654",286
526,Kristine,Nelson,001-237-663-6657x89508,"717 Russell Valleys Roberttown, SC 72386",2664
786,Jacob,Jacobson,549.677.5962,"3679 King Crescent Marymouth, MS 71267",214
317,Vincent,Morgan,+1-816-624-0149x03265,"749 Zachary Mount Suite 751 West Brian, AS 94089",941
527,Christina,Spence,(565)921-6628,"820 Jenna Skyway Apt. 521 Allisonberg, NJ 37191",1227
526,Joseph,Hughes,(480)803-6746,"2376 Clarke Mall Apt. 902 Tonyville, AR 37440",2356
296,Kayla,Warner,+1-453-842-1770x5476,"73216 Shawn Points Vazquezmouth, GA 79353",665
731,Edward,Tate,6944987597,"268 Joseph Fall West Tina, WA 45433",1396
424,Cheryl,Hill,601-756-6195x1515,"311 Howard Skyway Apt. 105 Arellanostad, AL 48438",966
562,Sarah,Williams,721.894.6270,"657 Shawn Key Suite 452 Port Prestonchester, NJ 56079",1404
78,Kimberly,Vargas,+1-810-758-1507x7298,"945 Baxter Junction North Zacharyland, ME 87713",553
495,Sarah,Gonzalez,(611)566-1607,"11796 Kelly Plains East Christopherport, UT 34387",2357
28,Michael,Hendricks,+1-482-598-2297,"807 John Estate Reedhaven, RI 19828",1453
745,George,Miller,001-944-384-9408x059,"6219 Mcclain Crescent Estesside, IL 61436",384
436,Steven,Lopez,838-873-2401x8135,"878 Vargas Canyon South Michael, NJ 32794",2645
753,Devon,Frost,751-478-2941x10963,"07849 Flores Views West Jennifer, PA 66537",2127
540,Sherry,Gallegos,(732)464-4349x0051,"58374 Alexander Ridges Suite 776 Andersonview, MI 56787",1779
35,Luis,Johnson,869.940.8272x85988,"055 Sarah Stravenue Suite 509 West Kathleenberg, MH 89470",690
548,Ernest,Lutz,306.321.6179x2739,"5760 Krista Rest Suite 132 Erinburgh, OH 98401",2693
870,Bailey,Gaines,202-451-8734x9032,"73927 Jessica Prairie Suite 187 Quinnhaven, OK 35794",2752
376,Thomas,Logan,980-825-7553,"709 Lester Port Apt. 425 Haleyside, VA 13140",1749
216,Steven,Adkins,(871)970-8696x5780,"575 Hannah Plains Apt. 087 Gregoryshire, RI 78606",523
559,Emma,Curtis,+1-447-324-3860x0228,"4944 Dyer Summit Apt. 769 Howardland, AR 08601",538
307,Brian,Gibson,779-773-4404,"509 Sonya Harbors Suite 687 North Rachel, VI 04819",1828
847,Nicole,Greene,(580)324-1402,"94811 Nathan Wells Briannabury, IL 76739",2784
796,Michael,Smith,607.393.5937x4039,"7103 Kenneth Extensions Apt. 613 Smithside, UT 17652",1944
178,Brandon,Thompson,8386064206,USCGC Brown FPO AE 20155,634
11,Angela,Ball,499.737.5629,"PSC 7423, Box 9355 APO AA 98347",2104
771,Michelle,Michael,001-496-991-5415x337,USNS Price FPO AA 32098,1533
653,Diana,Thornton,502.703.2468x5066,"287 Robinson Springs Schmidtshire, NE 07788",873
837,Steven,Smith,+1-968-393-0671,"12084 Kevin Summit East Kelseyborough, SD 89157",2195
169,Jason,Campbell,001-924-832-9996x965,"PSC 2822, Box 3218 APO AP 19319",1116
158,Kevin,Taylor,694.475.3892x860,"388 Mills Mission Suite 920 Cherryport, SC 57714",259
116,Sandra,Sims,292.747.6487,"6925 Shannon Inlet North Anna, NH 38835",843
958,Alec,Briggs,+1-615-594-1772x625,"039 Joanna Islands South Dennis, VA 26437",2899
661,Robert,Watkins,001-296-525-9844,"4996 Debra Shoals Bettymouth, HI 15611",661
469,Robin,Thompson,+1-296-662-1938x23771,"2032 Baker Views Suite 582 South Paul, SC 90867",348
779,Gabrielle,Kerr,544.581.9380x8291,"523 Jesus Pine Suite 298 West Jonathanmouth, NM 09321",1123
426,Brandi,Clark,613-725-0203x425,"9004 Hernandez Brook Paceburgh, FM 76586",395
226,Bradley,Rivers,+1-227-797-4729x7704,"776 Joe Brook North Stephanie, MO 40394",858
365,Cody,Jones,(956)525-3874,USNS Chapman FPO AA 35337,1347
520,Mary,Edwards,(624)559-9376,"362 Anthony Burg New Rachel, LA 47951",1046
617,Erica,Gibbs,+1-895-590-4932x05771,"5655 Samantha Hills New Anthonymouth, NC 27903",1935
799,Carmen,Molina,+1-663-585-3520x2757,"0657 Michael Mill Johnsonstad, VA 94091",1060
877,Christopher,Watson,+1-612-756-4873x117,"981 Pamela Isle North Johnmouth, HI 35324",1318
49,Donald,Estrada,847.511.2364,"5167 Emily Trafficway Suite 813 East Lindamouth, HI 03747",1085
783,James,Roberts,(786)471-9631x718,"721 Tyler Mountain Lake Johnport, WY 88238",901
193,James,Glover,(858)261-8542,"022 Cox Alley Baileyberg, MH 41333",2348
960,Kevin,Wells,4425881070,"1137 Jennifer Causeway Jennifershire, GU 45676",480
856,Robert,Meyer,914-734-9842,"8609 Wilson Parkway Apt. 257 Lake Jill, SD 52801",1976
492,Eric,Wise,733.665.8981x2695,"47423 Clark Road Evansfort, IA 56634",1106
35,Tammy,Chapman,001-459-902-7183x753,"59315 Tony Ports Apt. 059 Robertsonfort, WI 96996",2598
168,Melanie,Frank,+1-828-969-4337,"43872 Kelly Lakes Apt. 846 South Becky, ID 57853",1010
880,Amanda,Rodriguez,4535295581,"560 Adam Loop Suite 452 East Shelley, MH 95514",1643
245,Travis,Barry,514-867-9407x72207,"788 Karen Brooks Apt. 702 Ryanburgh, AL 32293",565
583,Matthew,Ibarra,8646436514,"96976 Justin Locks Anthonybury, GU 15452",1472
103,Albert,Gonzalez,+1-638-480-4179x3237,"38471 Teresa Island Suite 281 Harryport, CO 04566",2065
484,Brandon,Dorsey,(897)697-7712,"727 Mcbride Keys Suite 780 East Elizabeth, NV 64549",2758
893,Sara,Roach,362-489-3144x06215,"18832 Michael Heights Lauraland, WA 84297",455
894,Andrea,Campbell,343-378-0685x1790,"739 White Roads West Andrew, IA 61442",1985
495,Ashley,Brown,709.740.7369x3009,"878 Jaclyn Dale South Pamela, ND 39489",190
713,James,Williams,941.837.5525x73922,"658 Christopher Manor West Marthamouth, NY 24848",1793
389,Ashley,Flowers,(498)656-3834x70675,"3682 Austin Lake Suite 469 West Amy, GU 76439",90
850,Kenneth,Tran,001-753-207-9278,"99147 Martinez Canyon Matthewtown, IL 22620",831
811,Kelly,Robertson,(485)928-9869x584,"039 Ibarra Overpass East Josephmouth, PW 93110",1196
121,Kenneth,Ryan,488.425.5372x3575,"0556 Santana Crossing West Lindseyville, MH 12032",2703
100,John,Bryant,700.989.2435x6690,"0972 Boyd Views Apt. 946 West Micheleland, AS 06988",2708
768,Julie,Roth,743-323-2595,"693 Jones Rapids Apt. 283 Warrenville, GU 11873",1325
719,Tyler,May,001-759-731-7049x130,"4827 Reed Via Apt. 045 Ericaborough, PW 48116",562
606,William,Smith,(315)244-5393x33822,"PSC 7096, Box 8332 APO AA 26288",238
37,Virginia,Stewart,+1-574-965-7432x7399,"4533 Shaw Valleys Thomasville, NV 08615",1920
218,Christopher,Martin,001-305-351-6161x44313,"56238 Lloyd Track Coopermouth, MS 43306",1510
537,Michael,Gonzalez,001-684-232-1673x2245,"428 Kathryn Parkways Suite 640 East Catherine, MN 83511",1787
552,Michael,Jones,(829)645-7614x624,"4668 Powell Expressway Garciatown, MN 61083",1936
255,Sherry,Ward,(311)970-1712,"549 Knapp Extensions Suite 819 Jenniferport, DE 56511",859
593,Richard,Anderson,836-955-3968,Unit 4469 Box 5040 DPO AA 11155,1137
160,Adam,White,(606)382-2444x1491,"13511 Diane Overpass Martinezborough, WA 89705",1138
133,Alison,Weber,(456)218-6756x400,"25047 Kevin Street Erikaside, NE 39624",2593
294,Taylor,Smith,+1-321-456-9403x78796,"15042 Amy Neck Apt. 564 Jefferyside, FL 31330",1944
67,Breanna,Patel,653.552.3867x40601,"6059 Katherine Lodge Apt. 375 Melanieshire, VI 57448",1906
750,Rita,Morgan,(949)904-9725x553,"9998 Brian Gardens East Juliefort, AZ 91544",269
527,Ashley,Whitaker,869.349.7991,"PSC 9855, Box 0342 APO AE 02117",1801
215,Eric,Macias,355.219.4302x3687,"054 Anderson Lock Suite 492 North Sonya, NC 46572",1581
926,Jennifer,Grant,814.646.1712x6807,"849 David Lights Suite 423 Richardhaven, WI 80737",2623
378,Mary,Mcguire,(323)776-7210,"98589 Williams Canyon Apt. 978 Jacquelinebury, ID 22963",2530
463,Bryan,Garcia,001-952-273-8775x5537,"90404 Alexa Shoals Suite 893 Lake Andrewtown, AR 71885",997
645,Natasha,Rogers,+1-408-926-9853x543,"7681 Martin Junctions Apt. 026 New Nathanielchester, IN 80236",1719
861,Christine,Smith,298-735-8373,"926 Tucker Mews Apt. 101 Port Jessicamouth, NE 44878",1517
773,Richard,Williams,733-241-3714,"0154 Luna Manor Lake Anna, IN 53375",560
408,Penny,Castro,+1-222-936-0049x3935,"822 Ramirez Groves Apt. 617 Robertport, ID 52530",2874
496,Lonnie,Rowe,756.859.4416x12725,"0595 Morrison Extension Suite 061 West Stephenmouth, TN 62854",686
268,Linda,Russell,6673166862,"86904 Theodore Canyon Apt. 369 Palmerland, AL 56672",1549
24,Matthew,Pace,415-937-5329x66738,"91064 Tiffany Roads Apt. 602 Mcclureside, NC 07649",1974
591,Rick,Terry,926.502.1777,"6294 Stewart Lock Apt. 711 Laurietown, MS 96341",2149
320,Ronald,Rogers,(702)337-5287x62531,"720 Amy Oval Roseton, WI 83647",1281
473,Michael,Martin,5409699062,"02791 Roberts Hill Port Melanieshire, IN 87074",330
309,Wayne,Stevens,419.491.8120,"88803 Hamilton Knolls Neiltown, NH 94108",1192
579,Megan,Miller,+1-473-529-7441x571,"96825 Kenneth Stream Suite 170 West Julie, VI 01700",963
554,Joyce,Stone,9274047218,"53212 Paula Lodge Dixonview, VA 75905",2462
196,Mary,Lewis,2746980568,"18823 Stephanie Cove Suite 133 Richardside, OR 19283",882
862,Monica,Warner,(479)362-6700x901,"PSC 8526, Box 9316 APO AE 45836",1130
717,Jennifer,Harris,+1-865-717-4406x200,USCGC Ross FPO AP 28984,1964
674,Kayla,Rhodes,692.338.9148,"PSC 9596, Box 7797 APO AE 82832",1407
739,Emily,Vasquez,284.361.7004,"2961 Theresa Parks Tammyview, RI 68028",2086
111,Joshua,Roberts,(984)935-5410x47481,"98898 Anthony Tunnel Apt. 643 Fischerland, KY 50401",2181
853,Michael,Cantrell,001-636-496-8210x87516,"693 Best Divide Navarroland, KY 59050",813
897,Theresa,Ruiz,(532)789-3090x2438,"115 John Junctions Suite 708 West Brittanystad, KS 34799",2227
321,Samuel,Hudson,635-729-1063x1514,"1835 Smith Pike Josephfurt, AR 02168",301
588,Angela,Hogan,2383303477,"75932 Flores River Apt. 797 North Jamesburgh, NV 60736",2610
687,Christopher,Meyers,815.479.4659,"002 David Burgs Suite 993 Johnstad, MP 24144",2139
539,Margaret,Edwards,001-312-502-7096,"832 Davis View Maloneland, OK 84932",2322
244,Monique,Garner,624-316-1941,"18790 Christian Parkways Lake Tylermouth, KY 45344",1408
309,Laura,Williams,285.305.6562x6905,"35943 Chang Corner Apt. 546 Randymouth, TX 42767",350
404,Melissa,Gardner,978-989-8562,"56556 Blake Via New Lindsey, NC 61362",111
572,Jason,Alvarez,4256695569,"83626 Timothy Station Apt. 912 Gabrielleborough, MD 62313",212
256,Jennifer,Hill,001-334-853-1242x66772,"2905 Jason Meadow Danielville, OH 27743",2319
779,Tracy,Baker,998-382-1569x8835,"13184 Brittany Mountain Apt. 329 North Charleschester, FL 66132",2204
652,Brianna,Joseph,238.939.7492x0874,"457 Myers Brook North Maria, MT 25102",80
176,James,Guerra,(468)975-7901,"PSC 7184, Box 7489 APO AA 21227",1601
982,Joseph,Berry,001-296-785-4964x9506,"440 Moore Centers Apt. 230 Jerryview, MI 78946",660
708,Stephanie,Williams,(203)675-7269x245,"90154 Amber Mission Apt. 802 New William, MO 40035",1124
181,Benjamin,Martinez,001-985-214-7180x6602,"1717 Arnold Forges Suite 975 North Karen, GU 04520",937
135,Carl,Rodriguez,485-284-0224,"53616 Susan Street Suite 711 East Timothychester, OR 42738",2905
363,Robert,Wheeler,(975)639-9119,"989 Riley Villages New Shawn, VA 52749",658
30,Jennifer,Taylor,+1-358-454-2159,"3646 Goodman Course Suite 670 Francoport, MT 22311",1657
313,Rebecca,Stewart,(805)931-9857x2649,"098 Alexander Haven Apt. 908 North Patrickhaven, MI 50893",616
265,Nicholas,Hall,(217)575-0601,"PSC 7362, Box 5584 APO AA 93306",1042
491,Vincent,Green,404-244-5272,"71077 Martha Plains Hernandezbury, NH 09571",2612
849,Kristina,Spencer,465.366.2252x74596,Unit 5338 Box 0307 DPO AE 33714,2625
539,Eric,King,+1-750-232-5822x5932,"761 Martinez Lock Johnnyhaven, AZ 56502",1755
346,Brian,Sutton,219-743-2208x9791,"5837 Scott Ferry Christophermouth, LA 56500",2573
903,Jo,Allison,6318746388,"21890 James Drive Suite 870 West Christopher, MN 83648",933
862,Jerry,Hughes,951-581-2335x85018,"304 Walker Mews Carrchester, KS 47889",959
281,Nicholas,Hernandez,418.943.9695x375,"96737 Adam Pine North Kyleburgh, VI 48901",1396
328,Scott,Johnson,405.269.2136x290,"66543 Jones Square Lake Katherineton, VT 21937",191
574,Connie,Davidson,001-741-225-7817x52503,"83766 Bell Square Apt. 855 Wallaceburgh, PR 74877",685
144,Amanda,Wong,001-995-680-8819x406,"19141 Bobby Junctions North Joshua, WI 63605",1359
608,Matthew,Harvey,850.230.5574,"48073 Clark Canyon Joseshire, WY 46480",1590
893,Elizabeth,Wallace,8267409808,"2579 Sharon Brooks Myersburgh, MD 88421",530
397,Douglas,Chen,742.333.5826,"9724 Sherry Viaduct Suite 814 West Ray, LA 82442",2041
26,John,Reed,692.542.8541,"72574 Kathryn Dam Robertborough, VI 41611",2977
868,Alicia,Munoz,568-675-9136x4764,"664 Whitaker Ports East Michaelstad, OR 02898",349
954,Janet,Nunez,837-237-7846x332,USNV Cox FPO AE 94964,365
701,Steven,Lewis,+1-862-206-2932x8845,Unit 0896 Box 6521 DPO AP 52701,1787
110,Pamela,Baker,248-634-3286x92441,USNS Adams FPO AA 34401,60
966,Carlos,Williams,3199971236,"1699 Darrell Ridges Williamsport, VT 92046",2816
57,Linda,Mendez,920-808-3494x9087,"672 White Lodge Suite 139 Gallaghermouth, MH 96276",1371
512,Christopher,Rodriguez,(228)976-8475x63788,"5217 Roger Village Walkerfort, PW 50053",1103
930,Eric,Palmer,699.669.1726x5426,"398 Lam Manor East Branditown, PR 33865",2053
147,Elizabeth,Flynn,3198279015,"577 Adams Stravenue New Patricia, OH 52670",1840
53,Danielle,Morris,+1-300-868-1618x2545,"35751 Brianna Passage South Andrewport, NV 89608",1236
269,Kristen,Martinez,3575317631,"172 Brian Meadows Suite 191 Jensenhaven, TN 89206",1594
999,Patrick,Sanders,(457)534-2514,"3644 Miller Path Paulborough, NC 63723",2116
297,Christina,Walsh,763.468.8949x5568,"961 John Neck Christyville, TX 75259",2204
427,Angela,Lindsey,+1-206-400-1734x59155,"797 Michelle Knoll Port Johnborough, NY 49869",477
339,Stacy,Green,477.822.2202x700,"0798 Kevin Expressway New Katrina, ME 94607",1264
337,Doris,Mcgee,(582)445-1265,"16736 Jennifer Street Apt. 016 West Joseph, MN 99132",2714
97,Angela,Gordon,(665)329-8378x344,"9717 Andrew Crescent New Samanthachester, MS 60695",108
916,Chelsea,Wood,342.753.7005,"87088 Gonzalez Springs Suite 825 Wallerville, CO 30835",1339
735,Corey,Mclean,(205)380-8715x7886,"297 Andre Throughway Apt. 204 Lake Jenniferberg, HI 12985",1371
930,Christian,Johnson,579-530-2941x771,"1206 Aaron Ways Apt. 867 Weavershire, PW 23877",2918
247,Nicholas,Cannon,001-286-943-3418x75918,"77747 Yates Summit Suite 735 Oliverport, WV 79205",824
60,Marcus,Hines,001-735-661-5880x2708,"3689 Evelyn Flats South Miguel, KY 43615",2437
406,Blake,Hicks,001-711-905-0531,"458 Melissa Junction Bensonmouth, MH 87687",1261
118,Samantha,Jordan,+1-827-918-8542x5070,"503 Reed Cove West Thomasmouth, WA 89753",1295
434,Summer,Murray,3115183738,"981 Barnes Club Suite 444 Lake Tannerland, MA 53578",2520
440,Jeremy,Dixon,(875)653-0719,"PSC 0009, Box 2830 APO AE 81183",579
173,Bryan,Ali,509.781.1012x236,"PSC 1547, Box 8359 APO AP 27950",2150
597,Omar,Jones,(391)832-4025x41531,"65881 Michael Motorway Apt. 427 Port Connieburgh, ME 83281",1401
611,Kathryn,Lewis,001-469-592-0707x925,"713 William Lane South Wyatthaven, SD 78671",2015
872,Anthony,Rogers,9653034815,"0190 White Land Apt. 169 North Jerome, IA 04189",2048
359,Debra,Daniel,6213044889,"3703 Shannon Lock Aaronfort, MI 35079",2998
354,Anthony,Levine,233-766-7163x7745,"969 Davis Flats Suite 305 Lake Jordanberg, KY 14839",63
929,Angela,Anderson,473.789.9049,"248 Perez Spurs West Keith, IN 51760",2283
319,Elizabeth,Yang,732.933.1596x5925,"76936 Melissa Park Lake Cassieton, IN 37258",720
560,Joshua,Maldonado,(558)774-0719x68870,"67165 Jessica Dale Port Steventown, ME 59191",1326
76,Tammy,Clark,640-239-8058x6782,"724 Herrera Flat Lake Cindyshire, NJ 69371",1699
868,Rachael,Zavala,707.862.1313x33270,"618 Amy Stravenue Sandersshire, AK 04255",606
579,Ashley,Morton,455.938.5981,"03410 Liu Fort Suite 738 Angelaview, OH 68799",1614
987,Wayne,Gonzalez,854-478-9580x5544,"07453 Lewis Falls Suite 888 North Betty, VA 30421",2584
283,Rebecca,Wright,6034649596,"85254 Lopez Plaza Apt. 727 Lake Lisa, GA 41794",453
564,Mark,Hill,218.583.8306x43855,"1444 Grant Loaf Parkerville, ND 78604",169
810,Yvette,Spencer,822-484-6011x15067,"6686 Tammy Lodge Suite 447 North Alexaside, CO 79467",2037
459,Jeremiah,Diaz,001-347-850-1205x291,"5700 Justin Gardens South Ruth, GU 63671",2948
987,Ronald,Brown,4983779071,"99987 Jacob Mall Apt. 743 Howardburgh, ME 27718",2184
948,Amber,Campbell,(730)980-8214x945,"6294 Ashley Center Suite 526 New Mary, MI 91147",1073
702,Denise,Carlson,(685)236-0881x428,"55165 Mark Row Apt. 665 North Jennifer, NE 11357",550
396,Debra,Wallace,514-226-5096x356,"96987 Courtney Mills Kellyhaven, LA 55458",1630
674,William,King,(672)987-9671,"977 Little River Duartebury, SD 68254",1819
199,Debra,Gilbert,(674)377-1138,"9631 Deborah Place Apt. 781 Webermouth, ID 37727",262
31,Teresa,Smith,(987)723-8496x876,"913 Ferguson Stravenue North Kylestad, CT 88449",1453
171,Eric,Gutierrez,+1-949-940-7510x7663,"7018 Karen Estates Jessicaview, CO 25531",491
485,Francisco,James,(612)447-3034x48349,"169 Billy Terrace Suite 401 Lake Derrick, RI 76151",904
741,David,Mccarthy,653-404-5494x624,"3155 Deborah Canyon Pamelafurt, MT 02362",2523
653,Kristin,Jackson,001-669-657-2988x758,Unit 7183 Box 1854 DPO AE 68203,381
388,Nancy,Arnold,354-670-8725x79095,"66509 Doyle Falls Apt. 211 Sarahville, PW 81727",2737
41,Jennifer,Rodriguez,001-872-277-9584x932,Unit 0204 Box 0543 DPO AA 18299,1073
806,Jeffrey,Decker,(612)433-8494x6968,"210 King Lakes North Patricia, RI 30700",1829
644,Charles,Brooks,468-686-4188x48856,"PSC 7577, Box 7912 APO AA 33068",1942
136,Richard,Brock,(266)291-0262,"9969 Myers Inlet Apt. 996 East Terri, MI 96693",2467
201,Melissa,Middleton,608.259.7138x518,"085 Jill Tunnel Apt. 349 West Anthonyshire, MA 69625",528
