user_id,product_id,product_name,category
118,47,Interesting,Beauty
312,42,Religious,Electronics
64,520,Few,Beauty
436,91,Assume,Beauty
507,529,Law,Home
306,123,Significant,Clothing
539,533,Service,Electronics
102,492,Base,Beauty
890,555,This,Sports
964,942,Many,Beauty
798,888,Leave,Home
343,715,Trouble,Home
111,312,Outside,Beauty
403,93,Institution,Sports
566,725,Consumer,Electronics
867,501,Bill,Clothing
110,737,Deep,Sports
987,197,One,Sports
197,850,Evidence,Clothing
374,857,Nation,Electronics
61,162,Participant,Electronics
918,713,Great,Home
346,748,Indicate,Beauty
894,434,By,Beauty
122,508,Congress,Sports
409,662,Anyone,Sports
25,352,Send,Clothing
891,569,Mrs,Electronics
703,291,Establish,Home
28,507,Difficult,Home
556,23,Service,Sports
397,757,For,Sports
507,569,One,Home
899,66,Clearly,Home
674,439,Understand,Sports
837,128,Measure,Home
974,117,Between,Sports
861,460,Manager,Electronics
844,63,Option,Sports
244,809,Painting,Electronics
922,826,Body,Clothing
947,449,Animal,Sports
213,701,Imagine,Clothing
520,178,Program,Sports
515,929,Few,Clothing
808,316,Including,Electronics
80,764,Hot,Home
139,386,Trip,Home
590,420,Stage,Electronics
293,1000,If,Electronics
27,993,Five,Clothing
697,208,Forget,Clothing
251,972,Bag,Clothing
299,557,Author,Clothing
168,973,Maintain,Beauty
154,838,Maybe,Electronics
970,546,Plant,Electronics
222,964,Sort,Clothing
549,451,Local,Electronics
286,931,Whether,Electronics
839,879,Population,Beauty
670,664,Floor,Electronics
68,679,Not,Electronics
313,590,First,Beauty
89,767,Choice,Beauty
298,504,Indeed,Beauty
104,54,Player,Beauty
104,559,Education,Sports
50,514,Remain,Home
69,331,Particular,Electronics
864,735,Between,Beauty
659,366,Fish,Home
106,560,Rock,Beauty
465,874,Brother,Clothing
355,582,End,Home
665,567,Party,Clothing
726,256,Network,Electronics
156,60,Blood,Sports
14,376,Short,Sports
534,518,Main,Sports
378,932,System,Electronics
401,546,Land,Beauty
840,57,Draw,Sports
27,997,Class,Beauty
316,435,Create,Sports
409,786,Nearly,Beauty
455,763,Edge,Clothing
27,606,Cost,Electronics
55,514,Foot,Electronics
732,427,Space,Clothing
507,529,Product,Home
992,242,Easy,Beauty
434,659,Kid,Beauty
918,197,Through,Beauty
41,875,Think,Beauty
523,698,Prove,Clothing
988,885,Staff,Clothing
688,925,Brother,Clothing
616,849,Sense,Beauty
136,862,Site,Home
80,830,Image,Sports
400,898,Data,Home
774,4,Matter,Electronics
837,260,Teach,Clothing
330,89,Message,Beauty
607,309,Wrong,Beauty
67,392,Cover,Sports
629,330,Career,Home
688,65,Mission,Electronics
271,583,Finally,Home
931,704,Early,Beauty
374,482,Until,Clothing
92,260,Need,Electronics
774,599,Real,Sports
938,170,Skill,Home
987,992,Hand,Beauty
62,971,Movement,Sports
84,178,Begin,Beauty
269,280,Weight,Clothing
328,743,Person,Electronics
437,420,Attention,Clothing
241,487,Behavior,Clothing
195,398,Political,Electronics
979,625,Financial,Beauty
95,1000,Positive,Home
535,406,Animal,Electronics
742,796,Build,Electronics
441,835,Sign,Home
252,688,Debate,Home
877,462,Run,Electronics
883,580,Leader,Sports
63,69,See,Beauty
78,160,Away,Beauty
136,638,Teacher,Electronics
79,589,Certainly,Sports
884,806,Mouth,Sports
829,696,Evening,Beauty
410,950,Visit,Beauty
438,259,Offer,Clothing
934,5,Real,Electronics
763,879,Total,Electronics
773,121,Improve,Clothing
196,253,Able,Beauty
15,126,His,Clothing
107,283,One,Clothing
424,216,Environment,Electronics
920,827,Particularly,Beauty
162,931,Operation,Home
327,94,Some,Electronics
969,72,Majority,Clothing
298,513,Let,Electronics
750,51,Able,Electronics
367,286,Miss,Electronics
13,739,Space,Clothing
681,43,Arm,Clothing
255,575,Major,Beauty
245,430,Keep,Clothing
80,735,Middle,Beauty
239,308,Official,Beauty
622,409,Show,Electronics
946,18,To,Beauty
470,985,Open,Electronics
912,499,Child,Beauty
140,576,Star,Home
61,119,Become,Electronics
83,804,Likely,Sports
965,841,Agree,Home
470,506,Blood,Sports
199,921,Want,Home
3,168,Look,Clothing
173,97,Few,Home
359,825,Performance,Home
751,269,Seem,Electronics
598,7,The,Sports
238,211,See,Electronics
253,170,They,Beauty
359,147,Expect,Home
18,384,Wrong,Sports
73,350,Even,Sports
530,253,Glass,Sports
587,398,Simple,Electronics
690,285,Condition,Sports
172,542,Trouble,Sports
300,661,Budget,Beauty
135,766,Read,Electronics
105,640,Situation,Clothing
976,465,Case,Sports
859,253,Rest,Electronics
975,668,Pay,Home
367,53,Study,Home
616,164,Own,Electronics
67,881,Whether,Sports
763,479,Party,Electronics
204,38,Peace,Beauty
106,718,While,Beauty
75,873,Painting,Clothing
332,490,Least,Electronics
512,567,Go,Sports
988,635,Enjoy,Electronics
101,616,Half,Home
733,433,Few,Beauty
267,291,Easy,Sports
17,380,Worry,Beauty
24,195,Program,Home
299,601,Adult,Beauty
83,283,Smile,Sports
65,480,Very,Home
896,667,Quite,Sports
459,834,Mrs,Clothing
491,636,Believe,Sports
630,696,Risk,Electronics
218,871,Clear,Clothing
823,465,Even,Beauty
699,372,Wide,Sports
90,424,Hot,Beauty
211,382,Move,Clothing
53,578,Significant,Beauty
480,35,International,Home
587,609,Attorney,Home
477,8,Maintain,Beauty
476,84,Sell,Clothing
398,509,Off,Electronics
100,962,As,Home
204,552,Station,Electronics
961,346,House,Home
44,285,Key,Home
484,339,Cause,Electronics
650,181,Bank,Sports
322,285,Dinner,Electronics
336,950,Possible,Electronics
437,453,Management,Beauty
733,277,Less,Beauty
24,111,Commercial,Sports
251,938,Station,Electronics
99,157,Her,Home
156,964,Peace,Clothing
628,739,Ok,Sports
403,478,Film,Electronics
919,621,Great,Home
431,822,Worry,Beauty
57,604,Send,Electronics
62,383,Job,Home
22,591,Particularly,Electronics
197,919,Decide,Sports
997,477,Official,Electronics
458,904,Real,Beauty
22,540,Almost,Beauty
995,904,Power,Sports
641,381,Sister,Beauty
458,937,Future,Electronics
65,263,Newspaper,Beauty
383,831,Must,Electronics
442,303,Too,Home
745,600,Common,Beauty
592,233,Large,Clothing
16,27,Month,Beauty
896,155,Quickly,Home
134,7,Husband,Clothing
835,561,Manage,Home
66,502,Usually,Sports
401,355,Federal,Electronics
792,260,Check,Clothing
464,766,Well,Beauty
250,999,Most,Beauty
703,322,After,Sports
893,938,Respond,Sports
314,838,Game,Beauty
569,16,Five,Home
780,83,Scene,Electronics
608,162,Contain,Beauty
146,552,True,Beauty
951,985,Food,Home
414,149,World,Home
487,939,World,Home
526,305,Week,Beauty
175,4,National,Clothing
817,622,First,Electronics
104,74,College,Electronics
420,912,Occur,Sports
476,755,Drive,Clothing
738,486,Field,Beauty
871,95,Voice,Electronics
597,989,Think,Beauty
590,787,Respond,Electronics
99,559,Would,Clothing
933,377,Response,Clothing
577,534,Company,Electronics
144,919,Challenge,Clothing
497,481,Even,Sports
340,588,Clear,Sports
627,548,Agent,Sports
661,703,Including,Clothing
410,481,Speech,Clothing
674,255,Reach,Clothing
816,368,Mind,Electronics
36,939,Raise,Home
409,743,Seem,Sports
86,354,Church,Beauty
443,254,Painting,Clothing
45,88,Certain,Sports
981,864,Season,Home
191,573,Anything,Electronics
979,598,Speak,Beauty
382,806,Value,Clothing
854,739,Stock,Clothing
1,811,Reality,Electronics
823,435,Tree,Clothing
158,204,Star,Sports
123,803,Able,Home
155,969,Security,Sports
72,648,Determine,Electronics
921,453,Suddenly,Home
245,539,Eight,Beauty
911,178,That,Clothing
311,134,Accept,Clothing
710,754,Song,Clothing
739,416,Those,Electronics
384,625,Hotel,Clothing
275,58,Spring,Beauty
995,965,Sell,Beauty
226,720,Dream,Clothing
211,265,Information,Clothing
560,605,Politics,Electronics
765,774,Material,Clothing
980,869,Feeling,Clothing
329,964,Situation,Clothing
237,610,Far,Sports
832,105,More,Sports
28,256,Will,Beauty
932,501,Next,Beauty
15,677,Traditional,Clothing
686,889,Father,Electronics
864,785,Nearly,Home
136,96,Same,Home
660,800,Family,Clothing
562,874,Picture,Clothing
815,450,Kid,Sports
400,333,Free,Clothing
691,948,Believe,Electronics
631,108,Design,Beauty
145,447,Still,Clothing
439,64,Have,Beauty
660,156,Buy,Sports
489,842,Help,Electronics
814,328,Foot,Beauty
668,885,Class,Clothing
451,125,Imagine,Home
942,654,Who,Sports
787,166,Either,Clothing
401,377,Anything,Clothing
15,263,Us,Electronics
702,361,Station,Beauty
18,615,Minute,Home
920,495,Ever,Beauty
958,64,And,Sports
269,408,Way,Electronics
410,549,Natural,Sports
521,510,What,Clothing
275,536,Light,Electronics
728,415,Six,Clothing
63,449,Back,Sports
35,127,Night,Sports
470,938,Herself,Sports
342,121,Cultural,Sports
163,529,Difficult,Home
81,454,During,Clothing
659,909,Sign,Sports
460,601,Property,Beauty
726,836,Hear,Clothing
548,778,Deal,Clothing
102,812,Send,Beauty
866,138,Audience,Sports
708,137,Voice,Home
6,750,Our,Home
737,998,Eat,Home
504,666,Rate,Electronics
176,933,Fear,Clothing
414,107,Glass,Beauty
398,970,During,Electronics
783,840,Suffer,Home
489,592,Push,Beauty
898,192,Thing,Beauty
424,441,Process,Sports
316,342,Three,Sports
392,59,Mrs,Clothing
586,65,Friend,Clothing
16,869,Bad,Clothing
867,999,Owner,Sports
676,877,Which,Clothing
438,494,Stop,Electronics
673,803,Class,Electronics
747,274,Above,Electronics
141,627,Radio,Beauty
179,84,Report,Sports
177,606,Picture,Sports
331,610,Herself,Beauty
117,396,Cup,Sports
581,501,Miss,Beauty
424,244,Brother,Beauty
533,479,Most,Beauty
975,711,Fire,Electronics
615,625,Hospital,Sports
857,985,Our,Clothing
542,136,Act,Clothing
184,574,Practice,Home
474,726,Eight,Sports
558,811,Possible,Home
395,979,Practice,Electronics
408,931,Week,Electronics
550,217,Process,Electronics
33,211,Mind,Clothing
316,746,Forget,Home
586,113,Ball,Electronics
777,116,During,Sports
281,459,Mouth,Home
794,771,Democrat,Beauty
201,855,Today,Clothing
250,785,Everything,Electronics
777,126,Blood,Sports
498,368,Official,Home
584,645,Bring,Electronics
252,329,Central,Clothing
134,344,Staff,Electronics
176,846,Avoid,Electronics
7,83,Role,Beauty
382,640,Pay,Sports
57,407,Clear,Sports
870,600,Young,Electronics
482,502,Network,Home
8,950,Laugh,Electronics
834,43,Test,Home
600,947,Rate,Sports
396,241,Nothing,Home
48,930,Serve,Clothing
423,800,Figure,Electronics
966,680,Real,Electronics
794,720,Boy,Clothing
569,89,Public,Clothing
582,432,Watch,Clothing
21,385,Republican,Electronics
249,537,Bar,Clothing
433,858,Image,Sports
775,229,Attorney,Clothing
359,421,Human,Beauty
307,382,Structure,Clothing
737,178,Fight,Home
409,171,Fear,Clothing
199,309,Own,Beauty
907,544,Race,Electronics
612,333,Full,Home
765,643,Chance,Beauty
438,692,Arm,Clothing
227,708,Rich,Electronics
89,560,Physical,Beauty
851,105,Perform,Electronics
299,730,Know,Sports
951,592,Magazine,Sports
857,830,Specific,Sports
94,536,Note,Sports
372,11,Case,Clothing
149,285,His,Clothing
494,862,Station,Clothing
799,204,South,Electronics
46,433,Now,Sports
486,222,Painting,Electronics
526,791,Range,Electronics
750,543,Myself,Beauty
134,301,Cost,Clothing
1000,273,Wish,Sports
602,136,Nothing,Clothing
647,706,Deep,Electronics
127,636,Possible,Home
103,676,Four,Electronics
584,423,Rule,Electronics
538,650,West,Clothing
692,291,Future,Sports
666,162,Them,Sports
269,631,Activity,Clothing
231,394,Career,Sports
899,966,Rule,Home
878,385,Teacher,Clothing
184,613,Peace,Sports
3,310,By,Home
758,542,Community,Beauty
575,244,Back,Sports
968,858,Consumer,Clothing
322,768,Season,Electronics
582,282,Cold,Sports
339,221,Treat,Home
31,638,Camera,Clothing
718,656,Room,Clothing
970,831,One,Sports
642,12,Animal,Beauty
103,245,Run,Sports
305,310,Single,Electronics
97,975,Do,Beauty
290,569,Save,Beauty
650,747,Economic,Beauty
867,872,Family,Home
515,410,Eight,Electronics
995,631,Strategy,Beauty
877,793,Group,Home
881,673,Drug,Sports
949,870,Piece,Clothing
886,539,Trial,Beauty
96,337,Similar,Sports
891,308,Some,Home
165,135,Week,Electronics
4,761,Age,Beauty
489,33,Large,Beauty
420,531,Central,Electronics
407,189,Paper,Clothing
321,957,Project,Clothing
210,446,Return,Home
117,481,Quality,Home
658,208,Wall,Sports
143,732,Nice,Electronics
723,516,Dark,Sports
433,615,In,Home
815,268,Sport,Beauty
945,261,Process,Clothing
362,595,Rest,Clothing
355,220,Interesting,Clothing
907,9,You,Electronics
604,446,Real,Home
612,637,Political,Clothing
817,992,Morning,Sports
140,314,Gas,Home
444,86,Help,Clothing
481,381,Mother,Beauty
866,746,Color,Home
537,389,Their,Electronics
114,842,Until,Sports
812,84,Use,Beauty
801,547,Brother,Sports
374,615,Blue,Clothing
172,223,Head,Home
594,266,Floor,Home
128,912,Nothing,Beauty
75,410,Mother,Beauty
53,865,Under,Electronics
82,215,Occur,Sports
883,68,A,Clothing
502,703,This,Sports
75,981,Watch,Sports
968,567,Activity,Electronics
702,302,Scene,Sports
526,612,Region,Beauty
564,741,Rock,Clothing
835,231,Affect,Electronics
720,744,Body,Beauty
448,992,Economic,Sports
727,905,Easy,Home
130,171,Step,Sports
610,301,Audience,Beauty
371,2,Mission,Home
847,815,Right,Beauty
377,906,Check,Electronics
726,586,You,Electronics
669,936,Later,Beauty
260,62,Economic,Home
847,549,Finally,Sports
292,155,Enter,Home
762,36,Position,Home
763,661,Analysis,Beauty
903,36,Discuss,Beauty
590,662,Wife,Clothing
732,685,Throw,Clothing
179,733,Herself,Sports
30,665,Capital,Sports
704,209,Mind,Beauty
914,45,North,Home
546,312,Away,Clothing
810,212,Really,Beauty
998,165,Ready,Home
133,878,Result,Sports
153,678,Success,Home
688,435,Nice,Clothing
682,528,Product,Beauty
961,397,Hundred,Clothing
819,878,Threat,Clothing
123,609,Dream,Clothing
393,950,Happy,Home
811,782,Position,Beauty
738,754,Among,Clothing
991,610,Push,Electronics
80,973,Receive,Electronics
826,250,Town,Sports
329,278,Add,Home
643,9,Occur,Clothing
753,9,Add,Clothing
205,988,Especially,Clothing
687,355,Region,Beauty
627,358,Area,Beauty
719,414,Mention,Beauty
609,788,However,Beauty
589,395,Level,Home
222,419,Special,Sports
209,760,Large,Sports
584,490,Option,Home
522,588,Bank,Electronics
980,240,Raise,Electronics
545,518,Economic,Home
262,605,Almost,Clothing
787,829,Example,Electronics
131,862,Avoid,Electronics
716,708,Minute,Beauty
422,378,Learn,Clothing
570,643,Not,Sports
524,775,Meet,Home
982,620,Level,Sports
730,164,Three,Home
359,659,Yard,Electronics
831,806,Hope,Sports
380,950,Trial,Electronics
797,10,Hit,Electronics
663,629,Star,Home
249,475,Fall,Sports
133,697,Help,Electronics
890,966,Near,Electronics
431,507,Let,Clothing
51,934,Second,Sports
849,810,Teach,Home
590,230,Charge,Clothing
184,438,Strategy,Electronics
27,21,Strong,Sports
180,662,Republican,Sports
518,332,Network,Sports
461,980,Though,Beauty
564,156,Listen,Clothing
832,845,Raise,Home
305,806,World,Sports
82,752,Still,Sports
191,682,Worker,Electronics
604,212,Staff,Beauty
333,268,Strategy,Beauty
885,422,True,Beauty
925,479,Arm,Sports
713,959,Whether,Home
824,536,Four,Home
308,568,Field,Clothing
537,955,Image,Beauty
648,778,Stay,Electronics
907,230,Example,Electronics
571,446,Friend,Beauty
803,873,Sit,Electronics
35,634,Wish,Beauty
176,765,These,Sports
989,138,Course,Electronics
605,901,Painting,Sports
621,613,Take,Home
427,349,Learn,Beauty
214,132,Name,Beauty
777,315,Dinner,Clothing
525,459,Walk,Sports
835,9,One,Sports
335,906,Give,Beauty
96,956,Discussion,Beauty
246,724,Do,Home
350,362,Hair,Home
347,88,Foreign,Beauty
663,926,Debate,Clothing
885,586,Energy,Sports
176,154,Shake,Clothing
262,586,Popular,Clothing
552,108,Coach,Sports
591,548,Play,Sports
930,769,Involve,Sports
805,551,Impact,Beauty
961,995,Present,Beauty
516,236,Tax,Sports
200,224,Send,Clothing
471,557,Explain,Clothing
536,115,Camera,Beauty
234,662,Stand,Beauty
678,777,Least,Beauty
973,293,Case,Electronics
593,670,Financial,Beauty
112,85,Majority,Sports
837,143,Home,Sports
873,389,Economy,Clothing
49,179,At,Home
820,494,Arrive,Sports
484,262,Choose,Clothing
241,126,Part,Sports
76,689,Throughout,Sports
88,164,Can,Home
568,582,Nearly,Home
475,877,Job,Electronics
313,837,Page,Beauty
791,906,Open,Electronics
757,771,Lead,Home
200,540,Ten,Clothing
62,396,Social,Sports
309,829,Large,Electronics
798,434,Ten,Clothing
506,659,Read,Clothing
629,887,Positive,Clothing
51,568,Worker,Sports
749,455,Room,Beauty
701,250,Expect,Sports
806,627,Answer,Home
54,602,Name,Clothing
188,720,White,Electronics
466,769,Garden,Beauty
537,325,Your,Sports
780,565,Property,Home
741,571,Study,Home
128,169,Move,Beauty
150,42,Reality,Electronics
639,345,That,Clothing
382,156,Evidence,Sports
333,980,Attack,Electronics
683,176,Design,Sports
238,381,What,Electronics
431,510,Risk,Electronics
341,263,Line,Electronics
261,785,Control,Home
342,598,Building,Home
313,280,Statement,Beauty
653,781,Top,Electronics
338,368,Read,Beauty
750,437,Yet,Clothing
15,196,Radio,Clothing
170,223,Student,Clothing
611,361,Challenge,Clothing
837,378,Citizen,Home
139,168,Building,Electronics
273,33,Sing,Electronics
126,129,Media,Electronics
788,901,Foot,Beauty
969,890,Back,Electronics
418,262,Identify,Home
230,925,Person,Home
463,455,Born,Electronics
44,29,Who,Electronics
469,677,Fast,Sports
851,164,Mouth,Clothing
618,866,Present,Electronics
433,552,Manager,Clothing
330,668,Night,Electronics
874,513,Positive,Home
897,136,Theory,Sports
889,840,Weight,Clothing
276,264,Carry,Sports
577,400,Us,Clothing
723,991,Increase,Clothing
585,263,Report,Clothing
823,783,True,Electronics
761,382,Game,Clothing
157,682,Check,Electronics
186,992,Although,Electronics
660,887,Able,Beauty
505,53,Physical,Electronics
736,518,Take,Electronics
293,393,Talk,Home
938,158,Quite,Sports
31,296,Meeting,Home
552,695,International,Clothing
328,429,Too,Sports
188,777,Information,Clothing
208,619,Lawyer,Electronics
657,975,Just,Electronics
711,399,Cover,Home
780,198,Party,Beauty
425,280,Practice,Home
118,905,Gun,Clothing
654,864,Wear,Electronics
257,476,Research,Beauty
128,440,Recent,Clothing
955,36,Month,Home
362,462,Person,Electronics
270,283,Military,Home
662,763,Stop,Electronics
568,451,Order,Electronics
647,824,Produce,Sports
232,882,Start,Home
52,27,Describe,Beauty
683,843,Money,Home
529,351,Piece,Clothing
296,980,Color,Home
128,369,History,Clothing
955,664,Yourself,Clothing
459,774,Day,Clothing
285,76,Task,Electronics
908,977,Letter,Sports
375,72,Chair,Electronics
442,882,Response,Beauty
823,675,Oil,Sports
849,275,Look,Beauty
259,42,Good,Electronics
314,933,Listen,Electronics
86,346,Involve,Beauty
87,827,Seek,Beauty
958,507,Plant,Beauty
128,100,Than,Electronics
658,529,Across,Electronics
421,418,Movie,Beauty
214,817,Measure,Sports
442,868,Court,Beauty
285,845,Must,Electronics
122,912,Before,Electronics
661,404,Test,Electronics
348,597,Expect,Electronics
592,138,Pass,Sports
357,900,Matter,Clothing
314,882,Close,Home
897,21,Ten,Beauty
756,663,Agency,Home
426,265,Military,Electronics
29,853,Improve,Beauty
123,980,Finally,Sports
546,203,Guy,Beauty
53,571,Way,Electronics
513,547,Lose,Electronics
827,223,Plant,Sports
375,333,Age,Electronics
356,216,Answer,Beauty
47,262,Food,Home
179,394,Wife,Electronics
981,569,Service,Electronics
129,931,Knowledge,Electronics
697,861,Drive,Sports
347,544,Per,Home
704,687,Ok,Beauty
35,563,Design,Home
976,145,Idea,Home
858,31,Cultural,Home
745,508,Bag,Home
970,290,Write,Beauty
621,113,Item,Electronics
323,339,Here,Beauty
271,150,When,Electronics
149,250,Cause,Sports
359,58,Trial,Home
272,215,If,Clothing
76,881,Detail,Electronics
241,215,Sell,Sports
442,444,Man,Beauty
53,598,Than,Electronics
941,561,Guy,Clothing
530,293,Indicate,Sports
432,204,Unit,Clothing
484,702,Son,Beauty
702,635,Discuss,Sports
121,899,Bring,Clothing
427,708,Dream,Sports
515,603,Least,Home
808,683,Of,Clothing
276,554,Physical,Electronics
669,861,Allow,Sports
736,644,Measure,Home
478,65,Tree,Sports
44,69,Draw,Beauty
76,565,Nature,Sports
362,215,Whether,Sports
382,292,Drop,Electronics
437,122,Notice,Electronics
461,891,Operation,Electronics
915,923,Indicate,Clothing
122,592,Charge,Electronics
950,40,None,Beauty
192,362,Wait,Clothing
134,651,Discuss,Sports
323,861,Save,Sports
974,891,Drug,Electronics
332,357,Help,Electronics
169,132,That,Beauty
413,2,Democrat,Home
90,302,Much,Electronics
810,828,Half,Electronics
73,682,Best,Beauty
573,942,Side,Beauty
497,164,Mother,Electronics
405,603,Leader,Electronics
307,393,Information,Electronics
621,87,Fire,Sports
305,938,However,Beauty
25,542,Value,Sports
4,788,Threat,Clothing
238,463,Along,Home
903,350,Color,Beauty
326,669,American,Electronics
261,734,Wide,Beauty
162,606,Moment,Electronics
349,559,Activity,Electronics
651,47,Institution,Clothing
466,675,Book,Beauty
10,915,Region,Home
302,137,Serious,Electronics
590,806,One,Clothing
44,329,East,Clothing
548,927,Adult,Electronics
340,272,Well,Electronics
185,111,Final,Sports
544,483,Born,Sports
270,527,Character,Sports
344,165,Growth,Clothing
291,317,Note,Sports
179,894,Set,Clothing
617,185,Language,Home
998,225,Term,Beauty
845,330,Campaign,Electronics
475,407,Not,Electronics
147,768,Focus,Sports
986,783,Certain,Clothing
32,466,Other,Beauty
582,300,Pay,Home
445,77,Control,Clothing
30,81,Against,Sports
1,612,Suggest,Beauty
691,605,Open,Clothing
662,429,Culture,Beauty
154,69,Present,Clothing
624,699,Trouble,Beauty
42,367,Small,Home
16,206,Phone,Sports
916,814,Leg,Home
248,361,Under,Clothing
433,955,High,Electronics
338,844,College,Electronics
553,257,Senior,Electronics
610,893,Information,Home
715,719,West,Sports
856,320,Day,Home
337,183,Hit,Clothing
256,69,Win,Clothing
156,289,Ahead,Home
266,302,Similar,Home
301,270,Large,Electronics
500,680,Feeling,Clothing
892,855,View,Sports
781,962,Your,Clothing
493,517,While,Home
516,228,Manage,Sports
868,825,Sell,Electronics
614,669,Have,Clothing
108,385,Anyone,Home
528,517,Character,Sports
406,774,Why,Clothing
616,184,Possible,Sports
897,89,Section,Home
301,818,Front,Beauty
889,199,We,Home
718,576,Throw,Sports
407,159,Perform,Sports
665,790,Address,Electronics
571,755,Special,Home
785,361,Congress,Sports
836,723,Those,Home
625,558,Own,Beauty
836,343,Social,Electronics
769,347,Concern,Electronics
413,946,Present,Electronics
754,256,Thus,Home
676,27,First,Home
855,408,Member,Home
332,922,Yourself,Sports
730,860,Sense,Electronics
766,266,Education,Electronics
225,385,Program,Sports
251,180,View,Sports
720,680,Whom,Home
772,239,Fish,Clothing
842,349,Author,Beauty
688,406,Today,Beauty
765,636,Issue,Electronics
624,129,Long,Sports
109,559,Art,Electronics
326,498,Lot,Beauty
13,805,Decade,Electronics
280,117,Recent,Sports
822,700,Without,Home
920,902,Word,Sports
301,86,Officer,Home
851,372,Too,Home
608,294,Young,Clothing
645,533,Lawyer,Home
792,460,Almost,Sports
959,188,Scene,Electronics
52,356,Fast,Electronics
140,251,Go,Sports
134,11,Season,Beauty
885,299,War,Clothing
399,644,Black,Beauty
937,520,Whom,Electronics
363,833,Consider,Beauty
611,85,Wish,Electronics
691,375,Son,Home
799,655,Young,Clothing
884,741,Standard,Sports
559,1000,Break,Home
96,6,Real,Beauty
939,639,Through,Sports
802,739,Clear,Beauty
533,363,Myself,Clothing
984,768,Cold,Clothing
38,324,Director,Beauty
995,957,Send,Electronics
257,149,War,Beauty
